Book Id,Title,Author,Author l-f,Additional Authors,ISBN,ISBN13,My Rating,Average Rating,Publisher,Binding,Number of Pages,Year Published,Original Publication Year,Date Read,Date Added,Bookshelves,Bookshelves with positions,Exclusive Shelf,My Review,Spoiler,Private Notes,Read Count,Recommended For,Recommended By,Owned Copies,Original Purchase Date,Original Purchase Location,Condition,Condition Description,BCID
2706168,The Billionaire's Vinegar: The Mystery of the World's Most Expensive Bottle of Wine,Benjamin Wallace,"Wallace, Benjamin",,"=""0307338770""","=""9780307338778""",3,3.51,Crown Publishers,Hardcover,319,2008,2008,2018/05/30,2018/02/20,currently-reading,currently-reading (#15),currently-reading,,,,1,,,0,,,,,
29747604,"Math Puzzles Volume 1: Classic Riddles and Brain Teasers In Counting, Geometry, Probability, And Game Theory",Presh Talwalkar,"Talwalkar, Presh",,"=""1517421624""","=""9781517421625""",2,3.93,CreateSpace Independent Publishing Platform,Paperback,272,2015,2012,2018/12/30,2018/10/01,currently-reading,currently-reading (#30),currently-reading,,,,1,,,0,,,,,
19924008,I Wish That I Had Duck Feet,Theo LeSieg,"LeSieg, Theo","Dr. Seuss, Barney Tobey","=""""","=""0007728465746""",3,4.16,Beginner Books/Random House,Hardcover,64,1965,1965,,2019/05/30,,,read,,,,1,,,0,,,,,
861053,The Eye Book (Bright & Early Books(R)),Theo LeSieg,"LeSieg, Theo",Joe Mathieu,"=""0375800336""","=""9780375800337""",3,3.97,Random House Books for Young Readers,Hardcover,36,1968,1968,,2019/05/30,,,read,,,,1,,,0,,,,,
690051,Consider the Lobster: And Other Essays,David Foster Wallace,"Wallace, David Foster",,"=""0316013323""","=""9780316013321""",0,4.25,Back Bay Books,Paperback,344,2007,2005,,2019/05/30,currently-reading,currently-reading (#46),currently-reading,,,,1,,,0,,,,,
163365,What Should I Do with My Life?: The True Story of People Who Answered the Ultimate Question,Po Bronson,"Bronson, Po",,"=""0345485920""","=""9780345485922""",0,3.69,Ballantine Books,Mass Market Paperback,436,2005,2002,,2019/05/30,currently-reading,currently-reading (#45),currently-reading,,,,1,,,0,,,,,
30820956,Tools of Titans,Timothy Ferriss,"Ferriss, Timothy",,"=""1328683788""","=""9781328683786""",0,4.20,Houghton Mifflin Harcourt,Hardcover,673,2016,2016,,2019/05/30,currently-reading,currently-reading (#44),currently-reading,,,,1,,,0,,,,,
13529074,So Good They Can't Ignore You: Why Skills Trump Passion in the Quest for Work You Love,Cal Newport,"Newport, Cal",,"=""1455509124""","=""9781455509126""",0,4.11,Grand Central Publishing,Hardcover,273,2012,2012,,2019/05/30,currently-reading,currently-reading (#43),currently-reading,,,,1,,,0,,,,,
158206,Stumbling on Happiness,Daniel Todd Gilbert,"Gilbert, Daniel Todd",,"=""1400042666""","=""9781400042661""",0,3.83,Knopf,Hardcover,277,2006,2006,,2019/05/30,currently-reading,currently-reading (#42),currently-reading,,,,1,,,0,,,,,
3381336,The Art of Learning: An Inner Journey to Optimal Performance,Josh Waitzkin,"Waitzkin, Josh",,"=""0743277465""","=""9780743277464""",0,4.09,Free Press,Paperback,288,2008,2007,,2019/05/30,currently-reading,currently-reading (#41),currently-reading,,,,1,,,0,,,,,
28383248,Deep Work: Rules for Focused Success in a Distracted World,Cal Newport,"Newport, Cal",,"=""0349411905""","=""9780349411903""",0,4.20,Piatkus Non Fiction,Paperback,304,2016,2016,,2019/05/30,currently-reading,currently-reading (#40),currently-reading,,,,1,,,0,,,,,
63697,The Man Who Mistook His Wife for a Hat and Other Clinical Tales,Oliver Sacks,"Sacks, Oliver",,"=""0684853949""","=""9780684853949""",0,4.05,Touchstone,Paperback,243,1998,1985,,2019/05/30,currently-reading,currently-reading (#39),currently-reading,,,,1,,,0,,,,,
18668059,The Obstacle Is the Way: The Timeless Art of Turning Trials into Triumph,Ryan Holiday,"Holiday, Ryan",,"=""1591846358""","=""9781591846352""",0,4.14,Portfolio,Hardcover,201,2014,2014,,2019/05/30,currently-reading,currently-reading (#38),currently-reading,,,,1,,,0,,,,,
3450744,"Nudge: Improving Decisions About Health, Wealth, and Happiness",Richard H. Thaler,"Thaler, Richard H.",Cass R. Sunstein,"=""014311526X""","=""9780143115267""",0,3.83,Penguin Books,Paperback,314,2009,2008,,2019/05/30,currently-reading,currently-reading (#37),currently-reading,,,,1,,,0,,,,,
31052,Don't Shoot the Dog!: The New Art of Teaching and Training,Karen Pryor,"Pryor, Karen",,"=""1860542387""","=""9781860542381""",0,4.27,Ringpress Books,Paperback,202,2006,1984,,2019/05/30,currently-reading,currently-reading (#36),currently-reading,,,,1,,,0,,,,,
15704926,Love Yourself Like Your Life Depends on It,Kamal Ravikant,"Ravikant, Kamal",,"=""1478121734""","=""9781478121732""",0,3.97,CreateSpace,Paperback,68,2012,2012,,2019/05/30,currently-reading,currently-reading (#35),currently-reading,,,,1,,,0,,,,,
15722154,Turning Pro: Tap Your Inner Power and Create Your Life's Work,Steven Pressfield,"Pressfield, Steven",Shawn Coyne,"=""1936891034""","=""9781936891030""",0,4.21,Black Irish Entertainment LLC,Paperback,134,2012,2012,,2019/05/30,currently-reading,currently-reading (#34),currently-reading,,,,1,,,0,,,,,
35443314,Tribe of Mentors,Timothy Ferriss,"Ferriss, Timothy",,"=""1328994961""","=""9781328994967""",0,4.19,Houghton Mifflin Harcourt,Hardcover,624,2017,2017,,2019/05/30,currently-reading,currently-reading (#33),currently-reading,,,,1,,,0,,,,,
60283,"The Present: The Secret to Enjoying Your Work and Life, Now!",Spencer Johnson,"Johnson, Spencer",,"=""0385509308""","=""9780385509305""",2,3.94,Doubleday,Hardcover,112,2003,1981,2019/04/01,2018/06/10,currently-reading,currently-reading (#24),currently-reading,,,,1,,,0,,,,,
205238,The Annotated Cat: Under the Hats of Seuss and His Cats,Philip Nel,"Nel, Philip",,"=""0375833692""","=""9780375833694""",3,4.08,Random House Books for Young Readers,Hardcover,189,2007,2007,2018/01/09,2018/01/09,currently-reading,currently-reading (#7),currently-reading,,,,1,,,0,,,,,
34427205,Win Bigly: Persuasion in a World Where Facts Don't Matter,Scott Adams,"Adams, Scott",,"=""0735219710""","=""9780735219717""",1,3.76,Portfolio Penguin,Hardcover,304,2017,2017,2019/02/21,2018/10/01,currently-reading,currently-reading (#29),currently-reading,,,,1,,,0,,,,,
7012282,Dr. Seuss from Then to Now: A Catalogue of the Retrospective Exhibition,Mary Stofflet,"Stofflet, Mary",,"=""0394892666""","=""9780394892665""",3,4.22,Random House (NY),Unknown Binding,95,1986,1986,2018/05/21,2018/01/09,currently-reading,currently-reading (#10),currently-reading,,,,1,,,0,,,,,
24020058,"Decoding Italian Wine: A Beginner's Guide to Enjoying the Grapes, Regions, Practices and Culture of the ""Land of Wine""",Andrew  Cullen,"Cullen, Andrew",Ryan Anthony McNally,"=""""","=""""",3,3.39,,Kindle Edition,108,2014,,2019/02/08,2018/07/27,currently-reading,currently-reading (#27),currently-reading,,,,1,,,0,,,,,
6402364,"SuperFreakonomics: Global Cooling, Patriotic Prostitutes And Why Suicide Bombers Should Buy Life Insurance",Steven D. Levitt,"Levitt, Steven D.",Stephen J. Dubner,"=""0060889578""","=""9780060889579""",5,3.98,William Morrow,Hardcover,270,2009,2009,2019/03/21,2018/01/09,currently-reading,currently-reading (#3),currently-reading,,,,1,,,0,,,,,
24905364,Earth and Space: Photographs from the Archives of NASA,Nirmala Nataraj,"Nataraj, Nirmala","NASA, Bill  Nye","=""1452134359""","=""9781452134352""",5,4.17,Chronicle Books,Hardcover,176,2015,2015,2019/05/06,2019/05/21,,,read,,,,1,,,0,,,,,
40192819,The Hunger Games: Special Edition Box Set,Suzanne Collins,"Collins, Suzanne",,"=""1338323644""","=""9781338323641""",5,4.48,Scholastic Inc.,Paperback,1472,2018,2010,2018/05/21,2019/05/21,,,read,,,,1,,,0,,,,,
854648,Wacky Wednesday,Theo LeSieg,"LeSieg, Theo","Dr. Seuss, George Booth","=""0394829123""","=""9780394829128""",3,4.19,Random House Books for Young Readers,Hardcover,48,1974,1974,2019/03/21,2019/05/21,,,read,,,,1,,,0,,,,,
275364,Hooper Humperdink...? Not Him!,Theo LeSieg,"LeSieg, Theo","Dr. Seuss, Scott Nash","=""0679881298""","=""9780679881292""",3,3.86,Random House Books for Young Readers,Hardcover,48,2006,1976,2019/02/06,2019/05/21,,,read,,,,1,,,0,,,,,
297554,Jung: A Very Short Introduction,Anthony Stevens,"Stevens, Anthony",,"=""0192854585""","=""9780192854582""",3,4.06,"Oxford University Press, USA",Paperback,192,2001,1994,2019/05/17,2019/05/21,,,read,,,,1,,,0,,,,,
10618851,The Peter Principle: Why Things Always Go Wrong,Laurence J. Peter,"Peter, Laurence J.",Raymond Hull,"=""0062092065""","=""9780062092069""",4,3.80,HarperBusiness,Paperback,162,2011,1969,2019/04/03,2019/05/21,,,read,,,,1,,,0,,,,,
275381,Maybe You Should Fly a Jet! Maybe You Should Be a Vet! (I Can Read It All By Myself Beginner Books),Theo LeSieg,"LeSieg, Theo","Michael J. Smollin, Dr. Seuss","=""0394844483""","=""9780394844480""",3,4.25,"Random House, Inc.",Hardcover,48,1980,1980,2019/03/04,2019/05/21,,,read,,,,1,,,0,,,,,
36622739,The Courage to Be Disliked: The Japanese Phenomenon That Shows You How to Change Your Life and Achieve Real Happiness,Ichiro Kishimi,"Kishimi, Ichiro",Fumitake Koga,"=""1501197274""","=""9781501197277""",5,4.17,Atria Books,Hardcover,288,2018,2013,2019/03/24,2019/05/21,,,read,,,,1,,,0,,,,,
225180,The Tooth Book,Theo LeSieg,"LeSieg, Theo","Dr. Seuss, Joe Mathieu","=""0375810390""","=""9780375810398""",3,4.04,Random House Books for Young Readers,Hardcover,48,2000,1981,2019/02/21,2019/05/21,,,read,,,,1,,,0,,,,,
720647,Practical Algebra: A Self-Teaching Guide,Peter H. Selby,"Selby, Peter H.",Stephen L. Slavin,"=""0471530123""","=""9780471530121""",5,4.00,Wiley,Paperback,336,1991,1974,2019/01/21,2019/01/07,,,read,,,,1,,,0,,,,,
575521,Please Try to Remember the First of Octember!,Theo LeSieg,"LeSieg, Theo",Art Cumings,"=""0394835638""","=""9780394835631""",3,4.22,Random House Books for Young Readers,Hardcover,48,1977,1977,2019/05/10,2019/05/21,,,read,,,,1,,,0,,,,,
32191710,Astrophysics for People in a Hurry,Neil deGrasse Tyson,"Tyson, Neil deGrasse",,"=""0393609391""","=""9780393609394""",3,4.11,W. W. Norton  Company,Hardcover,224,2017,2017,2019/05/21,2019/05/21,,,read,,,,1,,,0,,,,,
972528,Would You Rather Be a Bullfrog?,Theo LeSieg,"LeSieg, Theo","Dr. Seuss, Roy McKie","=""0394831284""","=""9780394831282""",3,4.14,Random House Books for Young Readers,Hardcover,26,1975,1975,,2019/05/21,,,read,,,,1,,,0,,,,,
96999,Courage: The Joy of Living Dangerously,Osho,"Osho, Osho",,"=""0312205171""","=""9780312205171""",0,4.24,St. Martin's Griffin,ebook,193,1999,1977,,2019/05/21,currently-reading,currently-reading (#32),currently-reading,,,,1,,,0,,,,,
152640,Dropping Ashes on the Buddha: The Teachings of Zen Master Seung Sahn,Stephen Mitchell,"Mitchell, Stephen",Seung Sahn,"=""0802130526""","=""9780802130525""",0,4.06,Grove Press,Paperback,256,1994,1976,,2019/05/21,currently-reading,currently-reading (#31),currently-reading,,,,1,,,0,,,,,
275322,Dr. Seuss from Then to Now,Mary Stofflet,"Stofflet, Mary",,"=""0394892682""","=""9780394892689""",5,4.22,Random House,Hardcover,96,1987,1986,,2019/01/07,,,read,,,,1,,,0,,,,,
6369624,The Art of Making Money: The Story of a Master Counterfeiter,Jason Kersten,"Kersten, Jason",,"=""1592404464""","=""9781592404469""",4,3.99,Gotham,Hardcover,304,2009,2009,2018/12/07,2018/06/10,,,read,,,,1,,,0,,,,,
19167473,60 Hours Among the Juggalos,Laremy Legel,"Legel, Laremy",,"=""1492169447""","=""9781492169444""",1,3.58,Laremy Inc.,Kindle Edition,33,2013,2013,2018/11/18,2018/07/27,,,read,,,,1,,,0,,,,,
25663540,When Hitler Took Cocaine and Lenin Lost His Brain: History's Unknown Chapters,Giles Milton,"Milton, Giles",,"=""1250078776""","=""9781250078773""",5,3.66,Picador,Paperback,261,2016,2016,2018/11/27,2018/10/01,,,read,,,,1,,,0,,,,,
30474,The Communist Manifesto,Karl Marx,"Marx, Karl","Friedrich Engels, Gareth Stedman Jones","=""0140447571""","=""9780140447576""",1,3.54,Penguin Classics,Paperback,288,2002,1848,2018/12/07,2018/07/27,,,read,,,,1,,,0,,,,,
17165951,The Essential Scratch and Sniff Guide to Becoming a Wine Expert: Take a Whiff of That,Richard Betts,"Betts, Richard",Wendy MacNaughton,"=""0544005031""","=""9780544005037""",5,3.84,Rux Martin/Houghton Mifflin Harcourt,Hardcover,22,2013,2013,2018/12/15,2018/01/09,,,read,,,,1,,,0,,,,,
22859583,The Art of War Visualized: The Sun Tzu Classic in Charts and Graphs,Sun Tzu,"Tzu, Sun",Jessica Hagy,"=""0761182381""","=""9780761182382""",2,3.55,Workman Publishing Company,Paperback,256,2015,2015,2018/12/18,2018/10/01,,,read,,,,1,,,0,,,,,
10977838,"Mastermind: The Many Faces of the 9/11 Architect, Khalid Shaikh Mohammed",Richard Miniter,"Miniter, Richard",,"=""1595230726""","=""9781595230720""",5,3.37,Sentinel,Hardcover,288,2011,2011,2018/10/25,2019/01/07,,,read,,,,1,,,0,,,,,
7558692,A Funny Thing Happened on the Way to the Future...: Twists and Turns and Lessons Learned,Michael J. Fox,"Fox, Michael J.",,"=""1401323863""","=""9781401323868""",5,3.53,Hachette Books,Hardcover,100,2010,2010,2019/01/07,2019/01/07,,,read,,,,1,,,0,,,,,
10176,Dress Your Family in Corduroy and Denim,David Sedaris,"Sedaris, David",,"=""0965904830""","=""9780965904834""",5,4.10,Little Brown & Co.,Paperback,272,2004,2004,2018/11/09,2019/01/07,,,read,,,,1,,,0,,,,,
20815,Mortal Kombat,Jeff Rovin,"Rovin, Jeff",,"=""1572970596""","=""9781572970595""",5,3.62,Berkley,Paperback,293,1995,1995,2018/09/18,2019/01/07,,,read,,,,1,,,0,,,,,
482978,Me Talk Pretty One Day,David Sedaris,"Sedaris, David",,"=""""","=""""",5,3.98,Back Bay Books,Paperback,272,2001,2000,2018/12/27,2019/01/07,,,read,,,,1,,,0,,,,,
170448,Animal Farm,George Orwell,"Orwell, George","Russell Baker, C.M. Woodhouse","=""""","=""9780451526342""",4,3.91,Signet Classics,Mass Market Paperback,144,1996,1945,2018/10/16,2019/01/07,,,read,,,,1,,,0,,,,,
34228336,The Antlered Ship,Dashka Slater,"Slater, Dashka","Terry Fan, Eric Fan","=""148145160X""","=""9781481451604""",2,3.89,Beach Lane Books,Hardcover,48,2017,2017,2018/12/26,2019/01/07,,,read,,,,1,,,0,,,,,
13529076,Point Your Face at This: Drawings,Demetri Martin,"Martin, Demetri",,"=""1455512052""","=""9781455512058""",5,3.98,Grand Central Publishing,Paperback,288,2013,2012,2019/01/06,2019/01/07,,,read,,,,1,,,0,,,,,
2998,The Secret Garden,Frances Hodgson Burnett,"Burnett, Frances Hodgson",,"=""0517189607""","=""9780517189603""",3,4.13,Children's Classics,Hardcover,331,1998,1911,2018/07/03,2018/06/10,,,read,,,,1,,,0,,,,,
21412175,The Best Team Money Can Buy,Molly Knight,"Knight, Molly",,"=""1476776296""","=""9781476776293""",5,3.98,Simon  Schuster,Hardcover,336,2015,2015,2018/07/17,2018/04/16,,,read,,,,1,,,0,,,,,
222590,"Fear Less: Real Truth About Risk, Safety, and Security in a Time of Terrorism",Gavin de Becker,"Becker, Gavin de",,"=""0316085960""","=""9780316085960""",5,3.94,"Little, Brown and Company",Hardcover,240,2002,2001,2018/07/24,2018/06/10,,,read,,,,1,,,0,,,,,
1617,"Night (The Night Trilogy, #1)",Elie Wiesel,"Wiesel, Elie","Marion Wiesel, François Mauriac","=""0374500010""","=""9780374500016""",5,4.32,Hill and Wang,Paperback,115,2006,1958,2018/07/25,2018/04/16,,,read,,,,1,,,0,,,,,
2601814,How Come That Idiot's Rich and I'm Not?,Robert Shemin,"Shemin, Robert",,"=""0307395073""","=""9780307395078""",3,3.44,Crown,Hardcover,256,2008,2008,2018/08/15,2018/07/27,,,read,,,,1,,,0,,,,,
23602585,Mortal Kombat X Vol 1,Shawn Kittelsen,"Kittelsen, Shawn",Dexter Soy,"=""1401257089""","=""9781401257088""",1,4.05,DC Comics,Paperback,144,2015,2015,2018/09/03,2018/01/09,,,read,,,,1,,,0,,,,,
632911,Do Fish Drink Water?: Puzzling and Improbable Questions and Answers,Bill McLain,"McLain, Bill",,"=""0688179088""","=""9780688179083""",3,3.57,Quill,Paperback,296,2000,1999,2018/10/01,2018/10/01,,,read,,,,1,,,0,,,,,
6542905,Introducing Marxism: A Graphic Guide,Rupert Woodfin,"Woodfin, Rupert",Oscar Zárate,"=""1848310587""","=""9781848310582""",2,3.70,Icon Books,Paperback,176,2005,2004,2018/09/28,2018/10/01,,,read,,,,1,,,0,,,,,
28938378,The Irrationality Illusion: How To Make Smart Decisions And Overcome Bias,Presh Talwalkar,"Talwalkar, Presh",,"=""""","=""""",2,3.43,,Kindle Edition,139,2016,,2018/10/01,2018/10/01,,,read,,,,1,,,0,,,,,
6398634,"The Happiness Project: Or Why I Spent a Year Trying to Sing in the Morning, Clean My Closets, Fight Right, Read Aristotle, and Generally Have More Fun",Gretchen Rubin,"Rubin, Gretchen",,"=""0061583251""","=""9780061583254""",3,3.61,Harper,Hardcover,301,2009,2009,2018/08/25,2018/06/10,,,read,,,,1,,,0,,,,,
18114074,Trading Bases: How a Wall Street Trader Made a Fortune Betting on Baseball,Joe Peta,"Peta, Joe",,"=""0451415175""","=""9780451415172""",4,3.99,NAL,Paperback,384,2014,2013,2015/10/26,2016/06/01,,,read,,,,1,,,0,,,,,
5100525,What Would Google Do?,Jeff Jarvis,"Jarvis, Jeff",,"=""0061709719""","=""9780061709715""",2,3.83,HarperBusiness,Hardcover,426,2009,2009,2018/08/30,2018/09/10,,,read,,,,1,,,0,,,,,
18077875,Essentialism: The Disciplined Pursuit of Less,Greg McKeown,"McKeown, Greg",,"=""0804137382""","=""9780804137386""",4,4.03,Crown Business,Hardcover,260,2014,2011,2018/09/10,2018/09/10,,,read,,,,1,,,0,,,,,
36048009,I Should Have Gone to Community College: Semester 3,Tyson Marie,"Marie, Tyson",,"=""""","=""""",3,4.00,,Kindle Edition,163,2017,,2018/09/06,2018/01/09,,,read,,,,1,,,0,,,,,
641604,Purple Cow: Transform Your Business by Being Remarkable,Seth Godin,"Godin, Seth",,"=""159184021X""","=""9781591840213""",3,3.75,Portfolio Hardcover,Hardcover,160,2003,2003,2018/06/20,2018/07/27,,,read,,,,1,,,0,,,,,
32738672,Unfu*k Yourself: Get Out of Your Head and Into Your Life,Gary John Bishop,"Bishop, Gary John",,"=""""","=""""",5,3.86,,Kindle Edition,221,2016,2016,2018/06/12,2018/07/27,,,read,,,,1,,,0,,,,,
89969,"Getting Everything You Can Out of All You've Got: 21 Ways You Can Out-Think, Out-Perform, and Out-Earn the Competition",Jay Abraham,"Abraham, Jay",,"=""0312284543""","=""9780312284541""",0,3.96,St. Martin's Griffin,Paperback,384,2001,2000,,2018/07/27,currently-reading,currently-reading (#28),currently-reading,,,,1,,,0,,,,,
24612623,"Captain Underpants and the Sensational Saga of Sir Stinks-A-Lot (Captain Underpants, #12)",Dav Pilkey,"Pilkey, Dav",,"=""0545504929""","=""9780545504928""",3,4.34,Scholastic Inc.,Hardcover,208,2015,2015,2018/04/26,2018/04/16,,,read,,,,1,,,0,,,,,
25622864,Naked Money: A Revealing Look at What It Is and Why It Matters,Charles Wheelan,"Wheelan, Charles",,"=""0393069028""","=""9780393069020""",5,4.31,W. W. Norton  Company,Hardcover,368,2016,2016,2018/07/14,2018/04/13,,,read,,,,1,,,0,,,,,
28588169,The Invisibility Cloak,Ge Fei,"Fei, Ge",Canaan Morse,"=""1681370204""","=""9781681370200""",4,3.81,New York Review of Books,Paperback,126,2016,2012,2018/07/10,2018/06/05,,,read,,,,1,,,0,,,,,
33914151,"Faster Than Normal: Turbocharge Your Focus, Productivity, and Success with the Secrets of the ADHD Brain",Peter Shankman,"Shankman, Peter",Edward Hallowell,"=""0143131222""","=""9780143131229""",4,4.17,Tarcherperigee,Paperback,256,2017,,2018/07/19,2018/06/10,,,read,,,,1,,,0,,,,,
34858587,Kill All Normies: Online Culture Wars from 4chan and Tumblr to Trump and the Alt-Right,Angela Nagle,"Nagle, Angela",,"=""1785355449""","=""9781785355448""",4,3.50,Zero Books,ebook,136,2017,2017,2018/07/27,2018/06/10,,,read,,,,1,,,0,,,,,
36797529,Cat in the Hat Song Book,Dr. Seuss,"Seuss, Dr.",,"=""0001951076""","=""9780001951075""",4,4.33,HarperCollins Distribution Services,Hardcover,64,,1967,2018/04/03,2018/04/13,,,read,,,,1,,,0,,,,,
1,"Harry Potter and the Half-Blood Prince (Harry Potter, #6)",J.K. Rowling,"Rowling, J.K.",Mary GrandPré,"=""0439785960""","=""9780439785969""",0,4.56,Scholastic Inc.,Paperback,652,2006,2005,,2018/06/10,currently-reading,currently-reading (#26),currently-reading,,,,1,,,0,,,,,
27161156,Hillbilly Elegy: A Memoir of a Family and Culture in Crisis,J.D. Vance,"Vance, J.D.",,"=""0062300547""","=""9780062300546""",0,3.94,Harper,Hardcover,257,2016,2016,,2018/06/10,currently-reading,currently-reading (#25),currently-reading,,,,1,,,0,,,,,
5559,Jack: Straight from the Gut,Jack Welch,"Welch, Jack","John A. Byrne, Mike Barnicle","=""5559608475""","=""9785559608471""",0,3.81,Warner Books,Hardcover,496,2005,2001,,2018/06/10,currently-reading,currently-reading (#23),currently-reading,,,,1,,,0,,,,,
11468377,"Thinking, Fast and Slow",Daniel Kahneman,"Kahneman, Daniel",,"=""0374275637""","=""9780374275631""",0,4.13,"Farrar, Straus and Giroux",Hardcover,499,2011,2011,,2018/06/10,currently-reading,currently-reading (#22),currently-reading,,,,1,,,0,,,,,
13530973,Antifragile: Things That Gain from Disorder,Nassim Nicholas Taleb,"Taleb, Nassim Nicholas",,"=""1400067820""","=""9781400067824""",0,4.08,Random House,Hardcover,426,2012,2012,,2018/06/10,currently-reading,currently-reading (#21),currently-reading,,,,1,,,0,,,,,
13586929,Conscious Capitalism: Liberating the Heroic Spirit of Business,John E. Mackey,"Mackey, John E.","Rajendra S. Sisodia, Bill George","=""1422144208""","=""9781422144206""",0,3.86,Harvard Business Review Press,Hardcover,368,2013,2014,,2018/06/10,currently-reading,currently-reading (#20),currently-reading,,,,1,,,0,,,,,
52036,Siddhartha,Hermann Hesse,"Hesse, Hermann",Hilda Rosner,"=""""","=""""",4,4.01,Bantam Books,Mass Market Paperback,152,1981,1922,2015/01/01,2016/07/10,,,read,,,,1,,,0,,,,,
6346975,Moonwalking with Einstein: The Art and Science of Remembering Everything,Joshua Foer,"Foer, Joshua",,"=""159420229X""","=""9781594202292""",5,3.87,"Penguin Press HC, The",Hardcover,307,2011,2011,2018/05/26,2018/04/26,,,read,,,,1,,,0,,,,,
24611808,Start Where You Are: A Journal for Self-Exploration,Meera Lee Patel,"Patel, Meera Lee",,"=""0399174826""","=""9780399174827""",3,4.26,Tarcherperigee,Paperback,128,2015,2015,2018/06/02,2018/04/16,,,read,,,,1,,,0,,,,,
1106219,The Seven Lady Godivas,Dr. Seuss,"Seuss, Dr.",,"=""0394562690""","=""9780394562698""",1,3.74,Random House (NY),Hardcover,80,1987,1939,2018/06/05,2018/06/05,,,read,,,,1,,,0,,,,,
20578969,"Captain Underpants and the Tyrannical Retaliation of the Turbo Toilet 2000 (Captain Underpants, #11)",Dav Pilkey,"Pilkey, Dav",,"=""0545504902""","=""9780545504904""",2,4.33,Scholastic Inc.,Hardcover,224,2014,2014,2018/04/22,2018/04/16,,,read,,,,1,,,0,,,,,
1469401,A Complaint Free World: How to Stop Complaining and Start Enjoying the Life You Always Wanted,Will Bowen,"Bowen, Will",,"=""0385524587""","=""9780385524582""",4,3.94,Harmony,Hardcover,192,2007,2007,2018/04/15,2018/04/16,,,read,,,,1,,,0,,,,,
7773,A Hatful of Seuss: Five Favorite Dr. Seuss Stories: Horton Hears A Who! / If I Ran the Zoo / Sneetches / Dr. Seuss's Sleep Book / Bartholomew and the Oobleck,Dr. Seuss,"Seuss, Dr.",,"=""0679883886""","=""9780679883883""",4,4.44,Random House Books for Young Readers,Hardcover,304,1997,1967,2018/03/13,2018/01/09,,,read,,,,1,,,0,,,,,
7697186,An End to al-Qaeda: Destroying Bin Laden's Jihad and Restoring America's Honor,Malcolm W. Nance,"Nance, Malcolm W.",,"=""0312592493""","=""9780312592493""",0,3.73,St. Martin's Press,Hardcover,304,2010,2010,,2018/04/16,currently-reading,currently-reading (#19),currently-reading,,,,1,,,0,,,,,
934685,There's a Wocket in my Pocket!,Dr. Seuss,"Seuss, Dr.",,"=""0394829204""","=""9780394829203""",2,4.02,Random House,Hardcover,36,1974,1974,2018/04/10,2018/04/13,,,read,,,,1,,,0,,,,,
99315,A Whole New Mind: Why Right-Brainers Will Rule the Future,Daniel H. Pink,"Pink, Daniel H.",,"=""1594481717""","=""9781594481710""",4,3.94,Riverhead Books,Paperback,275,2006,2004,2018/03/03,2018/04/13,,,read,,,,1,,,0,,,,,
3591795,The No Complaining Rule: Positive Ways to Deal with Negativity at Work,Jon Gordon,"Gordon, Jon",,"=""0470279494""","=""9780470279496""",3,3.96,Wiley,Hardcover,155,2008,2008,2018/04/05,2018/04/13,,,read,,,,1,,,0,,,,,
1677816,Who Switched Off My Brain?,Caroline Leaf,"Leaf, Caroline",,"=""""","=""""",2,4.13,Switch on your brain ,Unknown Binding,139,2007,2006,2017/01/01,2018/04/13,,,read,,,,1,,,0,,,,,
25814272,"Available: A Memoir of Heartbreak, Hookups, Love and Brunch",Matteson Perry,"Perry, Matteson",,"=""1501101439""","=""9781501101434""",5,3.71,Scribner,Hardcover,256,2016,2016,2017/04/13,2018/04/13,,,read,,,,1,,,0,,,,,
2674,The Wealthy Barber: The Common Sense Guide to Successful Financial Planning,David Chilton,"Chilton, David",,"=""0773762167""","=""9780968394731""",4,4.02,Stoddart Pub,Paperback,197,2002,1989,2018/03/13,2018/04/13,,,read,,,,1,,,0,,,,,
6344781,The Rocket That Fell to Earth: Roger Clemens and the Rage for Baseball Immortality,Jeff Pearlman,"Pearlman, Jeff",,"=""0061724750""","=""9780061724756""",4,3.70,Harper,Hardcover,368,2009,2009,2018/04/02,2018/01/09,,,read,,,,1,,,0,,,,,
1244029,Mortal Kombat: Annihilation (Mortal Kombat),Jerome Preisler,"Preisler, Jerome",,"=""0812539338""","=""9780812539332""",2,3.85,Tor Books,Paperback,192,1997,1997,2018/04/13,2018/01/09,,,read,,,,1,,,0,,,,,
824728,I Had Trouble in Getting to Solla Sollew,Dr. Seuss,"Seuss, Dr.",,"=""0394800923""","=""9780394800929""",3,4.19,Random House Books for Young Readers,Hardcover,72,1965,1965,2018/04/11,2018/04/13,,,read,,,,1,,,0,,,,,
9397,"The Memory Book: The Classic Guide to Improving Your Memory at Work, at School, and at Play",Harry Lorayne,"Lorayne, Harry",Jerry Lucas,"=""0345410025""","=""9780345410023""",0,3.99,Ballantine Books,Paperback,240,1996,1974,,2018/02/20,currently-reading,currently-reading (#18),currently-reading,,,,1,,,0,,,,,
30659,Meditations,Marcus Aurelius,"Aurelius, Marcus","Martin Hammond, Diskin Clay","=""0140449337""","=""9780140449334""",0,4.23,Penguin Books,Paperback,303,2006,180,2015/07/21,2016/06/01,currently-reading,currently-reading (#14),currently-reading,,,,1,,,0,,,,,
18471784,A Few Lessons from Sherlock Holmes,Peter Bevelin,"Bevelin, Peter",,"=""1780924488""","=""9781780924489""",1,3.70,MX Publishing,Paperback,88,2013,2013,2018/02/20,2018/02/20,,,read,,,,1,,,0,,,,,
6903195,Drink This: Wine Made Simple,Dara Moskowitz Grumdahl,"Grumdahl, Dara Moskowitz",,"=""0345511654""","=""9780345511652""",0,4.12,Ballantine Books,Hardcover,384,2009,2009,,2018/02/20,currently-reading,currently-reading (#17),currently-reading,,,,1,,,0,,,,,
6480781,Open,Andre Agassi,"Agassi, Andre",J.R. Moehringer,"=""0307268195""","=""9780307268198""",0,4.22,Knopf,Hardcover,388,2009,2009,,2018/02/20,currently-reading,currently-reading (#16),currently-reading,,,,1,,,0,,,,,
28207477,"The Life: Playin' Palin, My Love of Sports, and Living to the Fullest On My Own Terms",Lisa    Ann,"Ann, Lisa",,"=""""","=""""",3,3.61,Lioncrest Publishing,Kindle Edition,304,2015,,2018/02/20,2018/01/09,,,read,,,,1,,,0,,,,,
32166838,I Should Have Gone to Community College: Semester 2,Tyson Marie,"Marie, Tyson",,"=""1537517600""","=""9781537517605""",4,4.50,Createspace Independent Publishing Platform,Paperback,166,2016,,2018/02/03,2018/01/09,,,read,,,,1,,,0,,,,,
28257707,The Subtle Art of Not Giving a F*ck: A Counterintuitive Approach to Living a Good Life,Mark Manson,"Manson, Mark",,"=""006245773X""","=""9780062457738""",5,3.98,Harper,ebook,224,2016,2016,2017/01/31,2018/01/09,,,read,,,,1,,,0,,,,,
25172901,Tommy's Wonderful Rides (Little golden book),Helen Marion Palmer,"Palmer, Helen Marion",J.P. Miller,"=""""","=""""",2,2.00,Simon and Schuster,,42,1948,1948,2017/01/06,2018/01/09,,,read,,,,1,,,0,,,,,
174713,The Lessons of History,Will Durant,"Durant, Will",Ariel Durant,"=""1567310249""","=""9781567310245""",5,4.15,"Fine Communications,US",Hardcover,119,1997,1968,2017/01/16,2018/01/09,,,read,,,,1,,,0,,,,,
2682463,The Cat in the Hat Movie Storybook,Justine Korman Fontes,"Fontes, Justine Korman",Ron Fontes,"=""0375825029""","=""9780375825026""",1,4.17,Random House Books for Young Readers,Hardcover,48,2003,2003,2017/01/02,2018/01/09,,,read,,,,1,,,0,,,,,
17859574,How to Fail at Almost Everything and Still Win Big: Kind of the Story of My Life,Scott Adams,"Adams, Scott",,"=""1591846919""","=""9781591846918""",5,4.10,Penguin Portfolio,Hardcover,248,2013,2013,2017/01/05,2018/01/09,,,read,,,,1,,,0,,,,,
17675009,Mozart,Paul  Johnson,"Johnson, Paul",,"=""0670026379""","=""9780670026371""",1,3.67,Viking,Hardcover,176,2013,2013,2017/01/14,2018/01/09,,,read,,,,1,,,0,,,,,
17657052,American Legends: The Life of Dr. Seuss,Charles River Editors,"Editors, Charles River",,"=""""","=""""",5,3.89,Charles River Editors,Kindle Edition,39,2013,2013,2017/12/04,2018/01/09,,,read,,,,1,,,0,,,,,
17606014,"Manage Your Day-to-Day: Build Your Routine, Find Your Focus, and Sharpen Your Creative Mind",Jocelyn K. Glei,"Glei, Jocelyn K.",,"=""1477800670""","=""9781477800676""",2,3.91,Amazon Publishing,Paperback,248,2013,2013,2017/10/07,2018/01/09,,,read,,,,1,,,0,,,,,
25387648,Dr. Seuss: The Great Doodler,Kate Klimo,"Klimo, Kate","Steve                   Johnson, Lou Fancher","=""1101935510""","=""9781101935514""",4,4.15,Random House Books for Young Readers,Hardcover,48,2016,2015,2017/10/15,2018/01/09,,,read,,,,1,,,0,,,,,
105549,The Sneetches and Other Stories,Dr. Seuss,"Seuss, Dr.",,"=""0007158505""","=""9780007158508""",2,4.31,HarperCollins Publishers,Paperback,65,2003,1961,2017/09/03,2018/01/09,,,read,,,,1,,,0,,,,,
259920,Marvin K. Mooney Will You Please Go Now!,Dr. Seuss,"Seuss, Dr.",,"=""0007169892""","=""9780007169894""",2,3.94,Random House,Paperback,36,2003,1971,2017/08/16,2018/01/09,,,read,,,,1,,,0,,,,,
51504,Post Office,Charles Bukowski,"Bukowski, Charles",,"=""0876850867""","=""9780876850862""",1,3.99,Ecco Press,Paperback,208,2002,1971,2017/07/24,2018/01/09,,,read,,,,1,,,0,,,,,
24059022,"Zen Buddhism: How Zen Buddhism Can Create A Life of Peace, Happiness and Inspiration (Zen Buddhism for Beginners, Zen, Zen Books)",Sara Elliott Price,"Price, Sara Elliott",,"=""""","=""""",2,3.87,Success Life Publishing,Kindle Edition,48,2014,2014,2017/06/20,2018/01/09,,,read,,,,1,,,0,,,,,
1539829,Do You Know What I'm Going to Do Next Saturday?,Helen Marion Palmer,"Palmer, Helen Marion",Lynn Fayman,"=""0394800311""","=""9780394800318""",2,3.96,Random House,Hardcover,,1963,1963,2017/06/21,2018/01/09,,,read,,,,1,,,0,,,,,
316575,The Cat's Quizzer,Dr. Seuss,"Seuss, Dr.",,"=""0001716123""","=""9780001716124""",3,3.83,HarperCollinsChildren'sBooks,Paperback,64,1990,1976,2017/03/04,2018/01/09,,,read,,,,1,,,0,,,,,
38315,Fooled by Randomness: The Hidden Role of Chance in Life and in the Markets,Nassim Nicholas Taleb,"Taleb, Nassim Nicholas",,"=""0812975219""","=""9780812975215""",5,4.05,Random House Trade Paperbacks,Paperback,368,2005,2001,2017/05/25,2018/01/09,,,read,,,,1,,,0,,,,,
7783,Oh Say Can You Say?,Dr. Seuss,"Seuss, Dr.",,"=""0007175221""","=""9780007175222""",2,4.01,"London : Collins, 2004.",Unknown Binding,36,2005,1979,2017/03/22,2018/01/09,,,read,,,,1,,,0,,,,,
273762,Gerald McBoing Boing,Dr. Seuss,"Seuss, Dr.",,"=""0375827218""","=""9780375827211""",4,3.87,Golden Books,Hardcover,24,2004,1952,2017/08/03,2018/01/09,,,read,,,,1,,,0,,,,,
22859551,The Crossroads of Should and Must: Find and Follow Your Passion,Elle Luna,"Luna, Elle",,"=""0761184880""","=""9780761184881""",5,4.02,Workman Publishing Company,Hardcover,161,2015,2015,2017/02/17,2018/01/09,,,read,,,,1,,,0,,,,,
3,"Harry Potter and the Sorcerer's Stone (Harry Potter, #1)",J.K. Rowling,"Rowling, J.K.",Mary GrandPré,"=""0439554934""","=""9780439554930""",5,4.47,Scholastic Inc,Hardcover,320,1997,1997,2017/09/05,2018/01/09,,,read,,,,1,,,0,,,,,
13515120,I Was Kissed by a Seal at the Zoo,Helen Marion Palmer,"Palmer, Helen Marion",Lynn Fayman,"=""""","=""""",2,3.76,"Random House, Inc.",Hardcover,62,1962,1962,2017/01/17,2018/01/09,,,read,,,,1,,,0,,,,,
23692271,Sapiens: A Brief History of Humankind,Yuval Noah Harari,"Harari, Yuval Noah",,"=""""","=""""",5,4.45,Harvill Secker,Paperback,443,2014,2011,2017/01/03,2018/01/09,,,read,,,,1,,,0,,,,,
4711854,The Machine Stops,E.M. Forster,"Forster, E.M.",,"=""140990329X""","=""9781409903291""",1,4.07,Dodo Press,Paperback,48,2008,1909,2017/12/09,2018/01/09,,,read,,,,1,,,0,,,,,
22318578,The Life-Changing Magic of Tidying Up: The Japanese Art of Decluttering and Organizing,Marie Kondō,"Kondō, Marie",Cathy Hirano,"=""1607747308""","=""9781607747307""",5,3.82,Ten Speed Press,Hardcover,224,2014,2011,2017/04/15,2018/01/09,,,read,,,,1,,,0,,,,,
905,The Inner Game of Tennis: The Classic Guide to the Mental Side of Peak Performance,W. Timothy Gallwey,"Gallwey, W. Timothy","Zach Kleinman, Pete Carroll","=""0679778314""","=""9780679778318""",3,4.25,Random House Trade Paperbacks,Paperback,134,1997,1974,2017/11/25,2018/01/09,,,read,,,,1,,,0,,,,,
310326,My Book about Me by Me Myself,Dr. Seuss,"Seuss, Dr.",Roy McKie,"=""0394800931""","=""9780394800936""",2,4.23,Random House Books for Young Readers,Hardcover,72,1969,1968,2017/10/30,2018/01/09,,,read,,,,1,,,0,,,,,
514210,The Way of Zen,Alan W. Watts,"Watts, Alan W.",,"=""0375705104""","=""9780375705106""",2,4.18,Vintage,Paperback,236,1999,1957,2017/09/03,2018/01/09,,,read,,,,1,,,0,,,,,
46676,When Bad Things Happen to Good People,Harold S. Kushner,"Kushner, Harold S.",,"=""1400034728""","=""9781400034727""",1,4.04,Anchor,Paperback,176,2004,1981,2017/08/24,2018/01/09,,,read,,,,1,,,0,,,,,
5986375,"This Is Water: Some Thoughts, Delivered on a Significant Occasion, about Living a Compassionate Life",David Foster Wallace,"Wallace, David Foster",,"=""0316068225""","=""9780316068222""",5,4.51,"Little, Brown and Company",Hardcover,138,2009,2009,2017/07/23,2018/01/09,,,read,,,,1,,,0,,,,,
6148028,"Catching Fire (The Hunger Games, #2)",Suzanne Collins,"Collins, Suzanne",,"=""0439023491""","=""9780439023498""",5,4.29,Scholastic Press,Hardcover,391,2009,2009,2017/06/18,2018/01/09,,,read,,,,1,,,0,,,,,
15881,"Harry Potter and the Chamber of Secrets (Harry Potter, #2)",J.K. Rowling,"Rowling, J.K.",Mary GrandPré,"=""0439064864""","=""9780439064866""",4,4.41,Arthur A. Levine Books / Scholastic Inc.,Hardcover,341,1999,1998,2017/05/09,2018/01/09,,,read,,,,1,,,0,,,,,
6289283,"Born to Run: A Hidden Tribe, Superathletes, and the Greatest Race the World Has Never Seen",Christopher McDougall,"McDougall, Christopher",,"=""0307266303""","=""9780307266309""",5,4.29,Knopf,Hardcover,287,2009,2009,2017/04/09,2018/01/09,,,read,,,,1,,,0,,,,,
86337,The Boy on Fairfield Street,Kathleen Krull,"Krull, Kathleen","Lou Fancher, Steve                   Johnson","=""0375822984""","=""9780375822988""",3,4.18,Random House Books for Young Readers,Hardcover,48,2004,2001,2017/10/09,2018/01/09,,,read,,,,1,,,0,,,,,
6474550,Crush It!: Why Now Is the Time to Cash In on Your Passion,Gary Vaynerchuk,"Vaynerchuk, Gary",,"=""0061914177""","=""9780061914171""",3,3.89,HarperCollins,Hardcover,142,2009,2009,2017/01/27,2018/01/09,,,read,,,,1,,,0,,,,,
998,The Millionaire Next Door: The Surprising Secrets of America's Wealthy,Thomas J. Stanley,"Stanley, Thomas J.",William D. Danko,"=""0671015206""","=""9780671015206""",2,4.02,Gallery Books,Paperback,258,1998,1995,2017/01/22,2018/01/09,,,read,,,,1,,,0,,,,,
227265,"Ishmael: An Adventure of the Mind and Spirit (Ishmael, #1)",Daniel Quinn,"Quinn, Daniel",,"=""0553375407""","=""9780553375404""",5,3.99,Bantam,Paperback,266,1995,1992,2017/08/09,2018/01/09,,,read,,,,1,,,0,,,,,
551520,The Wisdom of Insecurity: A Message for an Age of Anxiety,Alan W. Watts,"Watts, Alan W.",,"=""0394704681""","=""9780394704685""",1,4.26,Vintage,Paperback,152,1968,1951,2017/09/09,2018/01/09,,,read,,,,1,,,0,,,,,
601402,Action Jackson,Jan Greenberg,"Greenberg, Jan","Sandra Jordan, Robert Andrew Parker","=""0312367511""","=""9780312367510""",4,3.91,Square Fish,Paperback,32,2007,2002,2017/08/09,2018/01/09,,,read,,,,1,,,0,,,,,
25801979,I Should Have Gone to Community College,Tyson Marie,"Marie, Tyson",,"=""1512062499""","=""""",4,4.00,Createspace Independent Publishing Platform,Paperback,266,2015,,2017/07/19,2018/01/09,,,read,,,,1,,,0,,,,,
207577,Scrambled Eggs Super!,Dr. Seuss,"Seuss, Dr.",,"=""0007169965""","=""9780007169962""",2,3.81,Harper Collins,Paperback,64,2003,1953,2017/04/16,2018/01/09,,,read,,,,1,,,0,,,,,
38212,Zen and the Art of Happiness,Chris Prentiss,"Prentiss, Chris",,"=""0943015537""","=""9780943015538""",3,4.04,Power Press,Paperback,145,2006,2006,2017/01/19,2018/01/09,,,read,,,,1,,,0,,,,,
20695659,Come Over to My House,Theo LeSieg,"LeSieg, Theo",,"=""""","=""9780007340965""",3,4.28,Harper Collins Children's Book,Paperback,63,2010,1966,2017/01/08,2017/12/19,,,read,,,,1,,,0,,,,,
899602,Are You My Mother? (Beginner Books B-18),P.D. Eastman,"Eastman, P.D.",,"=""0394800184""","=""9780394800189""",2,4.18,Random House Children's Books,Hardcover,64,1988,1960,2017/01/23,2017/12/19,,,read,,,,1,,,0,,,,,
857935,The Runaway Bunny,Margaret Wise Brown,"Brown, Margaret Wise",Clement Hurd,"=""0064430189""","=""9780064430180""",2,4.11,HarperCollins,Paperback,48,2017,1942,2016/12/06,2016/05/31,,,read,,,,1,,,0,,,,,
6871646,Pete the Cat: I Love My White Shoes,Eric Litwin,"Litwin, Eric",James Dean,"=""0061906220""","=""9780061906220""",5,4.41,HarperCollins,Hardcover,40,2010,2010,2016/10/24,2016/05/31,,,read,,,,1,,,0,,,,,
19542,Where the Wild Things Are,Maurice Sendak,"Sendak, Maurice",,"=""0060254920""","=""9780060254926""",1,4.22,HarperCollins,Hardcover,40,2012,1963,2016/08/07,2016/05/31,,,read,,,,1,,,0,,,,,
10368067,Poke the Box,Seth Godin,"Godin, Seth",,"=""1936719002""","=""9781936719006""",3,3.79,"Do You Zoom, Inc.",Hardcover,85,2011,2011,2016/06/16,2016/05/31,,,read,,,,1,,,0,,,,,
32929,Goodnight Moon,Margaret Wise Brown,"Brown, Margaret Wise",Clement Hurd,"=""0060775858""","=""9780060775858""",1,4.27,HarperCollins,Hardcover,32,2007,1947,2016/05/26,2016/05/31,,,read,,,,1,,,0,,,,,
301141,"Lost and Found (The Boy, #2)",Oliver Jeffers,"Jeffers, Oliver",,"=""0399245030""","=""9780399245039""",5,4.36,Philomel Books,Hardcover,32,2005,2004,2016/04/23,2016/05/31,,,read,,,,1,,,0,,,,,
12609433,The Power of Habit: Why We Do What We Do in Life and Business,Charles Duhigg,"Duhigg, Charles",,"=""1400069289""","=""9781400069286""",4,4.08,Random House,Hardcover,375,2012,2012,2016/05/10,2017/01/06,,,read,,,,1,,,0,,,,,
7756088,The Bippolo Seed and Other Lost Stories,Dr. Seuss,"Seuss, Dr.",Charles D. Cohen,"=""0375964355""","=""9780375964350""",3,4.17,Random House Books for Young Readers,Hardcover,72,2011,2011,2016/04/09,2018/01/09,,,read,,,,1,,,0,,,,,
7784,The Lorax,Dr. Seuss,"Seuss, Dr.",,"=""0679889108""","=""9780679889106""",5,4.35,Random House Books for Young Readers,Hardcover,72,1998,1971,2016/03/09,2018/01/09,,,read,,,,1,,,0,,,,,
21413662,What If?: Serious Scientific Answers to Absurd Hypothetical Questions,Randall Munroe,"Munroe, Randall",,"=""0544272994""","=""9780544272996""",5,4.17,Houghton Mifflin Harcourt,Hardcover,303,2014,2014,2016/02/09,2018/01/09,,,read,,,,1,,,0,,,,,
13175900,It's Not All about Me: The Top Ten Techniques for Building Quick Rapport with Anyone,Robin Dreeke,"Dreeke, Robin",,"=""057809665X""","=""9780578096650""",5,3.86,Robin K. Dreeke,Paperback,102,2011,2011,2016/06/09,2018/01/09,,,read,,,,1,,,0,,,,,
9203287,The Thank You Economy,Gary Vaynerchuk,"Vaynerchuk, Gary",,"=""0061914185""","=""9780061914188""",3,3.84,Harpercollins,Hardcover,256,2011,2010,2016/01/14,2018/01/09,,,read,,,,1,,,0,,,,,
17345247,You Herd Me!: I'll Say It If Nobody Else Will,Colin Cowherd,"Cowherd, Colin",,"=""0804137897""","=""9780804137898""",4,3.77,Crown Archetype,Hardcover,294,2013,2013,2016/01/22,2018/01/09,,,read,,,,1,,,0,,,,,
821000,"Now We Are Six (Winnie-the-Pooh, #4)",A.A. Milne,"Milne, A.A.",Ernest H. Shepard,"=""0525444467""","=""9780525444466""",3,4.37,Dutton Books for Young Readers,Hardcover,101,1988,1927,2016/01/21,2018/01/09,,,read,,,,1,,,0,,,,,
6957758,Confession of a Buddhist Atheist,Stephen Batchelor,"Batchelor, Stephen",,"=""0385527063""","=""9780385527064""",5,3.98,Spiegel & Grau,Hardcover,306,2010,2010,2016/01/22,2018/01/09,,,read,,,,1,,,0,,,,,
238882,The Beginner's Guide to Zen Buddhism,Jean Smith,"Smith, Jean",,"=""0609804669""","=""9780609804667""",4,3.64,Harmony,Paperback,208,2000,2000,2016/11/23,2016/06/01,,,read,,,,1,,,0,,,,,
153868,"Captain Underpants and the Invasion of the Incredibly Naughty Cafeteria Ladies from Outer Space and the Subsequent Assault of the Equally Evil Lunchroom Zombie Nerds (Captain Underpants, #3)",Dav Pilkey,"Pilkey, Dav",,"=""0439997100""","=""9780439997102""",3,4.15,,,144,,1999,2016/11/29,2016/06/01,,,read,,,,1,,,0,,,,,
275320,Bartholomew and the Oobleck,Dr. Seuss,"Seuss, Dr.",,"=""0394800753""","=""9780394800752""",3,4.05,Random House Books for Young Readers,Hardcover,56,1949,1949,2016/11/22,2017/01/06,,,read,,,,1,,,0,,,,,
17977529,"Choose Yourself: Be Happy, Make Millions, Live the Dream",James Altucher,"Altucher, James",,"=""1619610221""","=""9781619610224""",4,3.88,JAMES ALTUCHER,Paperback,276,2013,2013,2016/09/25,2017/01/06,,,read,,,,1,,,0,,,,,
28008154,The Uncorker of Ocean Bottles,Michelle Cuevas,"Cuevas, Michelle",Erin E. Stead,"=""0803738684""","=""9780803738683""",4,4.06,Dial Books,Hardcover,40,2016,2016,2016/10/19,2017/01/06,,,read,,,,1,,,0,,,,,
7221738,Theodor Seuss Geisel (Lives and Legacies),Donald E. Pease,"Pease, Donald E.",,"=""0195323025""","=""9780195323023""",4,3.51,"Oxford University Press, USA",Hardcover,178,2010,2010,2016/07/21,2017/01/06,,,read,,,,1,,,0,,,,,
23742842,The Wonderful Things You Will Be,Emily Winfield Martin,"Martin, Emily Winfield",,"=""0385376715""","=""9780385376716""",3,4.37,Random House Books for Young Readers,Hardcover,36,2015,2015,2016/07/20,2017/01/06,,,read,,,,1,,,0,,,,,
667234,The Cat in the Hat Comes Back,Dr. Seuss,"Seuss, Dr.",,"=""0394800028""","=""9780394800028""",2,3.84,Begginner Books,Hardcover,63,2000,1958,2016/11/29,2016/06/01,,,read,,,,1,,,0,,,,,
17872413,"Thanks for the Feedback, I Think",Julia Cook,"Cook, Julia",Kelsey De Weerd,"=""1934490490""","=""9781934490495""",3,4.15,Boys Town Press,Paperback,31,2013,2013,2016/09/22,2017/01/06,,,read,,,,1,,,0,,,,,
6722230,"Mike Bloomberg: Money, Power, Politics",Joyce Purnick,"Purnick, Joyce",,"=""1586485776""","=""9781586485771""",5,3.52,PublicAffairs,Hardcover,272,2009,2009,2016/07/25,2016/05/31,,,read,,,,1,,,0,,,,,
18570357,What Do You Do with an Idea?,Kobi Yamada,"Yamada, Kobi",Mae Besom,"=""1938298071""","=""9781938298073""",3,4.48,Compendium Inc,Hardcover,36,2014,2014,2016/03/19,2017/01/06,,,read,,,,1,,,0,,,,,
275325,The Butter Battle Book,Dr. Seuss,"Seuss, Dr.",,"=""0394865804""","=""9780394865805""",5,4.18,New York: Random House,Hardcover,42,1984,1984,2016/07/31,2017/01/06,,,read,,,,1,,,0,,,,,
390562,What the Buddha Taught,Walpola Rahula,"Rahula, Walpola",Paul Demieville,"=""0802130313""","=""9780802130310""",4,4.20,Grove Press,Paperback,192,1994,1959,2016/07/29,2016/06/01,,,read,,,,1,,,0,,,,,
16101018,The Day the Crayons Quit,Drew Daywalt,"Daywalt, Drew",Oliver Jeffers,"=""0399255370""","=""9780399255373""",2,4.42,Philomel Books,Hardcover,36,2013,2014,2016/10/26,2017/01/06,,,read,,,,1,,,0,,,,,
1651354,Young Genius: Brains,Kate Lennard,"Lennard, Kate",Eivind Gulliksen,"=""0764136704""","=""9780764136702""",2,4.17,B.E.S. Publishing,Paperback,32,2007,2007,2016/09/06,2017/01/06,,,read,,,,1,,,0,,,,,
153866,"Captain Underpants and the Perilous Plot of Professor Poopypants (Captain Underpants, #4)",Dav Pilkey,"Pilkey, Dav",,"=""0439998190""","=""9780439998192""",5,4.17,Scholastic,Paperback,160,2001,2000,2016/07/06,2016/06/01,,,read,,,,1,,,0,,,,,
28863341,What Do You Do with a Problem?,Kobi Yamada,"Yamada, Kobi",Mae Besom,"=""1943200009""","=""9781943200009""",2,4.35,Compendium Inc,Hardcover,36,2016,2014,2016/07/01,2017/01/06,,,read,,,,1,,,0,,,,,
147029,If I Ran the Zoo,Dr. Seuss,"Seuss, Dr.",,"=""0007169949""","=""9780007169948""",3,3.87,Harper Collins,Paperback,64,2003,1950,2016/01/11,2017/01/06,,,read,,,,1,,,0,,,,,
644346,What Was I Scared Of?,Dr. Seuss,"Seuss, Dr.",,"=""0679885404""","=""9780679885405""",2,4.20,Random House Books for Young Readers,Hardcover,32,1997,1997,2016/01/27,2016/06/01,,,read,,,,1,,,0,,,,,
770051,Olivia,Ian Falconer,"Falconer, Ian",,"=""0689829531""","=""9780689829536""",3,4.13,Atheneum Books for Young Readers,Hardcover,40,2000,2000,2016/01/21,2016/06/01,,,read,,,,1,,,0,,,,,
1431862,Corduroy,Don Freeman,"Freeman, Don",,"=""0140501738""","=""9780140501735""",5,4.29,Puffin Books,Paperback,32,1976,1968,2016/11/22,2016/05/31,,,read,,,,1,,,0,,,,,
20821053,How Adam Smith Can Change Your Life: An Unexpected Guide to Human Nature and Happiness,Russ Roberts,"Roberts, Russ",,"=""1591846846""","=""9781591846840""",3,3.92,Portfolio,Hardcover,261,2014,2014,2016/11/23,2016/06/01,,,read,,,,1,,,0,,,,,
22571531,The Automatic Customer: Creating a Subscription Business in Any Industry,John Warrillow,"Warrillow, John",,"=""159184746X""","=""9781591847465""",5,4.09,Portfolio,Hardcover,224,2015,2016,2016/06/23,2017/01/06,,,read,,,,1,,,0,,,,,
767834,Courage,Bernard Waber,"Waber, Bernard",,"=""0618238557""","=""9780618238552""",4,3.96,HMH Books for Young Readers,Hardcover,32,2002,2002,2016/10/23,2017/01/06,,,read,,,,1,,,0,,,,,
153865,"Captain Underpants and the Attack of the Talking Toilets (Captain Underpants, #2)",Dav Pilkey,"Pilkey, Dav",,"=""0439995442""","=""9780439995443""",5,4.03,Scholastic,Paperback,144,2000,1999,2016/07/19,2016/06/01,,,read,,,,1,,,0,,,,,
22749702,Stick and Stone,Beth Ferry,"Ferry, Beth",Tom Lichtenheld,"=""054403256X""","=""9780544032569""",4,4.11,HMH Books for Young Readers,Hardcover,48,2015,2015,2016/12/28,2017/01/06,,,read,,,,1,,,0,,,,,
420404,Yertle the Turtle and Other Stories,Dr. Seuss,"Seuss, Dr.",,"=""0394900871""","=""9780394900872""",4,4.15,Random House Books for Young Readers,Library Binding,96,1958,1958,2016/10/29,2017/01/06,,,read,,,,1,,,0,,,,,
865,The Alchemist,Paulo Coelho,"Coelho, Paulo","Alan R. Clarke, Özdemir İnce","=""0061122416""","=""9780061122415""",5,3.85,HarperCollins,Paperback,197,1993,1988,2016/08/24,2016/06/01,,,read,,,,1,,,0,,,,,
4339862,Spaghetti in a Hot Dog Bun: Having the Courage To Be Who You Are,Maria Dismondy,"Dismondy, Maria",Kimberly Shaw-Peterson,"=""1933916303""","=""9781933916309""",2,4.21,Cardinal Rule Press,Paperback,32,2008,2008,2016/11/22,2017/01/06,,,read,,,,1,,,0,,,,,
857415,You're Only Old Once!,Dr. Seuss,"Seuss, Dr.",,"=""0394551907""","=""9780394551906""",4,4.14, New York: Random House,Hardcover,56,1986,1986,2016/10/15,2017/01/06,,,read,,,,1,,,0,,,,,
28815,Influence: The Psychology of Persuasion,Robert B. Cialdini,"Cialdini, Robert B.",,"=""006124189X""","=""9780061241895""",5,4.18,HarperBusiness,Paperback,320,2006,1984,2016/05/25,2016/06/01,,,read,,,,1,,,0,,,,,
7797,Ten Apples Up On Top!,Theo LeSieg,"LeSieg, Theo","Dr. Seuss, Roy McKie","=""0007169973""","=""9780007169979""",1,4.12,HarperCollinsChildren’sBooks,Paperback,62,2003,1961,2016/01/13,2016/06/01,,,read,,,,1,,,0,,,,,
227235,Seuss-isms  ,Dr. Seuss,"Seuss, Dr.",,"=""0679883568""","=""9780679883562""",5,4.26,Random House Books for Young Readers,Hardcover,32,1997,1997,2016/01/23,2017/01/06,,,read,,,,1,,,0,,,,,
7775,Happy Birthday to You!,Dr. Seuss,"Seuss, Dr.",,"=""0394800761""","=""9780394800769""",3,4.12,Random House Books for Young Readers,Hardcover,64,1959,1959,2016/04/14,2017/01/06,,,read,,,,1,,,0,,,,,
25560530,Phishing for Phools: The Economics of Manipulation and Deception,George A. Akerlof,"Akerlof, George A.",Robert J. Shiller,"=""0691168318""","=""9780691168319""",5,3.40,Princeton University Press,Hardcover,288,2015,2015,2016/04/13,2016/06/01,,,read,,,,1,,,0,,,,,
11211540,Stuck,Oliver Jeffers,"Jeffers, Oliver",,"=""0399257373""","=""9780399257377""",3,4.23,Philomel Books,Hardcover,32,2011,2011,2016/10/26,2017/01/06,,,read,,,,1,,,0,,,,,
207266,"The Adventures of Captain Underpants (Captain Underpants, #1)",Dav Pilkey,"Pilkey, Dav",,"=""0439014573""","=""9780439014571""",3,3.91,Scholastic Children's Books,Paperback,125,2000,1997,2016/09/19,2016/06/01,,,read,,,,1,,,0,,,,,
23848190,Extreme Ownership: How U.S. Navy SEALs Lead and Win,Jocko Willink,"Willink, Jocko",Leif Babin,"=""1250067057""","=""9781250067050""",1,4.28,St. Martin's Press,Hardcover,320,2015,2015,2016/07/19,2016/06/01,,,read,,,,1,,,0,,,,,
23310161,The Day the Crayons Came Home,Drew Daywalt,"Daywalt, Drew",Oliver Jeffers,"=""0399172750""","=""9780399172755""",2,4.44,Philomel Books,Hardcover,36,2015,2015,2016/03/05,2017/01/06,,,read,,,,1,,,0,,,,,
104825,The Theory of Poker,David Sklansky,"Sklansky, David",,"=""1880685000""","=""9781880685006""",3,4.04,Two Plus Two Publishing,Paperback,301,1999,1983,2015/03/21,2016/06/01,,,read,,,,1,,,0,,,,,
114737,"It's Not How Good You Are, It's How Good You Want To Be",Paul Arden,"Arden, Paul",Roger Kennedy,"=""0714843377""","=""9780714843377""",5,3.73,Phaidon Press,Paperback,128,2007,2003,2015/03/06,2016/05/31,,,read,,,,1,,,0,,,,,
40102,Blink: The Power of Thinking Without Thinking,Malcolm Gladwell,"Gladwell, Malcolm",,"=""0316010669""","=""9780316010665""",5,3.92,Back Bay Books,Paperback,296,2007,2005,2015/05/26,2016/06/01,,,read,,,,1,,,0,,,,,
19341732,10 ½ Things No Commencement Speaker Has Ever Said,Charles Wheelan,"Wheelan, Charles",Peter  Steiner,"=""""","=""""",2,3.99,W. W. Norton & Company,Kindle Edition,128,2012,2012,2015/04/16,2016/06/01,,,read,,,,1,,,0,,,,,
776407,"The House at Pooh Corner (Winnie-the-Pooh, #2)",A.A. Milne,"Milne, A.A.",Ernest H. Shepard,"=""0525444440""","=""9780525444442""",4,4.36,Dutton Books for Young Readers,Hardcover,180,1988,1928,2015/03/13,2016/06/01,,,read,,,,1,,,0,,,,,
81959,As a Man Thinketh,James Allen,"Allen, James",,"=""1585425648""","=""9781585425648""",4,4.29,TarcherPerigee,Hardcover,80,2006,1902,2015/03/08,2016/06/01,,,read,,,,1,,,0,,,,,
1202,Freakonomics: A Rogue Economist Explores the Hidden Side of Everything,Steven D. Levitt,"Levitt, Steven D.",Stephen J. Dubner,"=""0061234001""","=""9780061234002""",4,3.96,William Morrow,Hardcover,320,2006,2005,2015/05/26,2016/06/01,,,read,,,,1,,,0,,,,,
23846387,ISIS: Inside the Army of Terror,Michael Weiss,"Weiss, Michael",Hassan  Hassan,"=""1941393578""","=""9781941393574""",5,3.69,Regan Arts.,Paperback,270,2015,2015,2015/02/14,2016/06/01,,,read,,,,1,,,0,,,,,
87436,The Hedgehog and the Fox: An Essay on Tolstoy's View of History,Isaiah Berlin,"Berlin, Isaiah",,"=""1566630193""","=""9781566630191""",1,4.10,Ivan R. Dee Publisher,Paperback,96,1993,1953,2015/06/21,2016/06/01,,,read,,,,1,,,0,,,,,
32010,"Love Me, Hate Me: Barry Bonds and the Making of an Antihero",Jeff Pearlman,"Pearlman, Jeff",,"=""0060797533""","=""9780060797539""",5,3.81,It Books,Paperback,384,2007,2006,2015/08/17,2016/06/01,,,read,,,,1,,,0,,,,,
16256798,The One Thing: The Surprisingly Simple Truth Behind Extraordinary Results,Gary Keller,"Keller, Gary",Jay Papasan,"=""1885167776""","=""9781885167774""",4,4.17,Bard Press (TX),Hardcover,240,2013,2012,2015/03/10,2016/06/01,,,read,,,,1,,,0,,,,,
28351,And to Think That I Saw It on Mulberry Street,Dr. Seuss,"Seuss, Dr.",,"=""0007169922""","=""9780007169924""",4,3.99,Vanguard Press,Paperback,64,2003,1937,2015/12/16,2016/06/01,,,read,,,,1,,,0,,,,,
414056,The Education of a Coach,David Halberstam,"Halberstam, David",,"=""1401301541""","=""9781401301545""",4,3.92,Hachette Books,Hardcover,288,2005,2005,2015/05/25,2016/06/01,,,read,,,,1,,,0,,,,,
61535,The Selfish Gene,Richard Dawkins,"Dawkins, Richard",,"=""0199291152""","=""9780199291151""",4,4.13,"Oxford University Press, USA",Paperback,360,2006,1976,2015/09/15,2016/06/01,,,read,,,,1,,,0,,,,,
17797344,Dr. Seuss's ABC: An Amazing Alphabet Book!,Dr. Seuss,"Seuss, Dr.",,"=""0385375166""","=""9780385375160""",3,4.08,Random House Books for Young Readers,Board Book,24,2014,1963,2015/06/18,2016/06/01,,,read,,,,1,,,0,,,,,
501014,"The FBI Career Guide: Inside Information on Getting Chosen for and Succeeding in One of the Toughest, Most Prestigious Jobs in the World",Joseph W. Koletar,"Koletar, Joseph W.",,"=""0814473172""","=""9780814473177""",2,3.97,AMACOM,Paperback,224,2006,2006,2015/02/02,2016/06/01,,,read,,,,1,,,0,,,,,
16087842,"Fantasy Life: The Outrageous, Uplifting, and Heartbreaking World of Fantasy Sports from the Guy Who's Lived It",Matthew Berry,"Berry, Matthew",,"=""1594486255""","=""9781594486258""",4,3.77,Riverhead Books,Hardcover,352,2013,2013,2015/01/09,2016/06/01,,,read,,,,1,,,0,,,,,
13435621,"Captain Underpants and the Revolting Revenge of the Radioactive Robo-Boxers (Captain Underpants, #10)",Dav Pilkey,"Pilkey, Dav",,"=""0545175364""","=""9780545175364""",3,4.29,Scholastic Inc.,Hardcover,224,2013,2013,2017/04/17,2018/01/09,,,read,,,,1,,,0,,,,,
6828896,"Delivering Happiness: A Path to Profits, Passion, and Purpose",Tony Hsieh,"Hsieh, Tony",,"=""0446563048""","=""9780446563048""",5,3.99,Grand Central Publishing,Hardcover,246,2010,2010,2017/06/15,2018/01/09,,,read,,,,1,,,0,,,,,
33897121,Daily Zen,Charlie Ambler,"Ambler, Charlie",,"=""1520189451""","=""9781520189451""",5,4.32,Independently published,Paperback,289,2016,,2017/05/09,2018/01/09,,,read,,,,1,,,0,,,,,
149522,The Shape of Me and Other Stuff,Dr. Seuss,"Seuss, Dr.",,"=""0001712780""","=""9780001712782""",3,4.06,Picture Lions,Hardcover,26,2005,1973,2017/03/09,2018/01/09,,,read,,,,1,,,0,,,,,
33910932,"Way of the Warrior Kid: From Wimpy to Warrior the Navy SEAL Way: A Novel (Way of the Warrior Kid, #1)",Jocko Willink,"Willink, Jocko",Jon Bozak,"=""1250151074""","=""9781250151070""",4,4.52,Feiwel  Friends,Hardcover,192,2017,,2017/12/09,2018/01/09,,,read,,,,1,,,0,,,,,
7260188,"Mockingjay (The Hunger Games, #3)",Suzanne Collins,"Collins, Suzanne",,"=""0439023513""","=""9780439023511""",5,4.03,Scholastic Press,Hardcover,392,2010,2010,2017/11/09,2018/01/09,,,read,,,,1,,,0,,,,,
7815744,The Upside of Irrationality: The Unexpected Benefits of Defying Logic at Work and at Home,Dan Ariely,"Ariely, Dan",,"=""0061995037""","=""9780061995033""",5,4.02,Harper,Hardcover,334,2010,2010,2017/10/09,2018/01/09,,,read,,,,1,,,0,,,,,
179750,How Does Your Brain Work?,Don L. Curry,"Curry, Don L.",,"=""0516278533""","=""9780516278537""",1,3.38,Children's Press(CT),Paperback,31,2004,2003,2017/08/09,2018/01/09,,,read,,,,1,,,0,,,,,
13139782,Buddha in Blue Jeans: An Extremely Short Simple Zen Guide to Sitting Quietly and Being Buddha,Tai Sheridan,"Sheridan, Tai",,"=""""","=""""",2,3.89,Poet Poppy Press,Kindle Edition,31,2011,2011,2017/04/09,2018/01/09,,,read,,,,1,,,0,,,,,
330,On Beyond Zebra!,Dr. Seuss,"Seuss, Dr.",,"=""0394800842""","=""9780394800844""",2,4.04,Random House Books for Young Readers,Hardcover,64,1955,1955,2017/01/03,2018/01/09,,,read,,,,1,,,0,,,,,
22609485,The Soul of an Octopus: A Surprising Exploration Into the Wonder of Consciousness,Sy Montgomery,"Montgomery, Sy",,"=""1451697716""","=""9781451697711""",1,3.87,Atria Books,Hardcover,261,2015,2015,2017/05/12,2018/01/09,,,read,,,,1,,,0,,,,,
275332,I Can Lick 30 Tigers Today! and Other Stories,Dr. Seuss,"Seuss, Dr.",,"=""0001716069""","=""9780001716063""",3,3.82,HarperCollins,Paperback,64,1990,1969,2017/09/17,2017/04/17,,,read,,,,1,,,0,,,,,
2260552,Between Panic and Desire,Dinty W. Moore,"Moore, Dinty W.",,"=""080321149X""","=""9780803211490""",2,3.72,University of Nebraska Press,Hardcover,161,2008,2008,2017/05/05,2017/04/17,,,read,,,,1,,,0,,,,,
29779231,When Breath Becomes Air,Paul Kalanithi,"Kalanithi, Paul",,"=""1784701998""","=""9781784701994""",5,4.35,Vintage,Paperback,225,2017,2016,2017/04/14,2017/04/17,,,read,,,,1,,,0,,,,,
228879,Old Turtle,Douglas Wood,"Wood, Douglas",Cheng-Khee Chee,"=""0439309085""","=""9780439309080""",3,4.39,Scholastic Press,Hardcover,56,2001,1991,2017/04/03,2017/04/17,,,read,,,,1,,,0,,,,,
153862,"Captain Underpants and the Preposterous Plight of the Purple Potty People (Captain Underpants, #8)",Dav Pilkey,"Pilkey, Dav",,"=""0439903815""","=""9780439903813""",4,4.23,Scholastic Inc.,Hardcover,176,2006,2006,2017/08/09,2017/04/17,,,read,,,,1,,,0,,,,,
20723656,Wherever You Go,Pat Zietlow Miller,"Miller, Pat Zietlow",Eliza Wheeler,"=""0316400025""","=""9780316400022""",4,4.14,"Little, Brown Books for Young Readers",Hardcover,32,2015,2015,2017/08/22,2017/04/17,,,read,,,,1,,,0,,,,,
48019,The Effective Executive: The Definitive Guide to Getting the Right Things Done,Peter F. Drucker,"Drucker, Peter F.",,"=""0060833459""","=""9780060833459""",2,4.07,HarperBusiness,Paperback,208,2006,1966,2017/02/09,2017/04/17,,,read,,,,1,,,0,,,,,
833046,I Am Not Going to Get up Today!,Dr. Seuss,"Seuss, Dr.",James Stevenson,"=""0394892178""","=""9780394892177""",2,3.98,Random House Books for Young Readers,Hardcover,48,1987,1987,2017/10/28,2017/04/17,,,read,,,,1,,,0,,,,,
722447,The Hungry Coat: A Tale from Turkey,Demi,"Demi, Demi",,"=""0689846800""","=""9780689846809""",4,4.25,Margaret K. McElderry Books,Hardcover,40,2004,2004,2017/01/04,2017/04/17,,,read,,,,1,,,0,,,,,
30125,The Missing Piece Meets the Big O,Shel Silverstein,"Silverstein, Shel",,"=""0060256575""","=""9780060256579""",4,4.33,HarperCollins,Hardcover,104,2006,1981,2017/04/15,2017/04/17,,,read,,,,1,,,0,,,,,
826763,Bob and Otto,Robert O. Bruel,"Bruel, Robert O.",Nick Bruel,"=""1596432039""","=""9781596432031""",2,3.88,Roaring Brook Press,Hardcover,32,2007,2007,2017/03/14,2017/04/17,,,read,,,,1,,,0,,,,,
7789,Daisy-Head Mayzie,Dr. Seuss,"Seuss, Dr.",,"=""0679867120""","=""9780679867128""",3,3.86,Random House Books for Young Readers,Hardcover,56,1995,1994,2017/07/17,2017/04/17,,,read,,,,1,,,0,,,,,
119790,The Tao of Pooh,Benjamin Hoff,"Hoff, Benjamin",Ernest H. Shepard,"=""0140067477""","=""9780140067477""",5,4.02,Penguin Books,Paperback,158,1983,1982,2017/02/17,2017/04/17,,,read,,,,1,,,0,,,,,
105522,The Very Hungry Caterpillar,Eric Carle,"Carle, Eric",,"=""0140569324""","=""9780140569322""",2,4.29,Puffin,Paperback,28,2002,1969,2017/05/17,2017/04/17,,,read,,,,1,,,0,,,,,
13166586,The Fish That Ate the Whale: The Life and Times of America's Banana King,Rich Cohen,"Cohen, Rich",,"=""0374299277""","=""9780374299279""",5,4.02,"Farrar, Straus and Giroux",Hardcover,288,2012,2012,2017/10/17,2017/04/17,,,read,,,,1,,,0,,,,,
11878529,Anything You Want: 40 Lessons for a New Kind of Entrepreneur,Derek Sivers,"Sivers, Derek",,"=""1936719118""","=""9781936719112""",5,4.02,Powered by Amazon,Hardcover,88,2011,2011,2017/02/17,2017/04/17,,,read,,,,1,,,0,,,,,
13435622,"Captain Underpants and the Terrifying Return of Tippy Tinkletrousers (Captain Underpants, #9)",Dav Pilkey,"Pilkey, Dav",,"=""0545175348""","=""9780545175340""",3,4.31,"Scholastic, Inc.",Hardcover,304,2012,2012,2017/07/17,2017/04/17,,,read,,,,1,,,0,,,,,
10102958,Sell Yourself First: The Most Critical Element in Every Sales Effort,Thomas A. Freese,"Freese, Thomas A.",,"=""1591843650""","=""9781591843658""",1,3.54,Portfolio,Hardcover,272,2010,2010,2017/02/19,2017/12/19,,,read,,,,1,,,0,,,,,
7781,The 500 Hats of Bartholomew Cubbins,Dr. Seuss,"Seuss, Dr.",,"=""039484484X""","=""9780394844848""",5,4.04,Random House Books for Young Readers,Hardcover,56,1989,1938,2017/03/19,2017/12/19,,,read,,,,1,,,0,,,,,
816484,Horton Hears a Who!,Dr. Seuss,"Seuss, Dr.",,"=""0394800788""","=""9780394800783""",5,4.17,Random House Books for Young Readers,Hardcover,62,1954,1954,2017/08/19,2017/12/19,,,read,,,,1,,,0,,,,,
532193,Dr. Seuss and Mr. Geisel,Judith Morgan,"Morgan, Judith",Neil Morgan,"=""030680736X""","=""9780306807367""",4,4.14,Da Capo Press,Paperback,384,1996,1995,2017/04/19,2017/12/19,,,read,,,,1,,,0,,,,,
23492440,Saban: The Making of a Coach,Monte Burke,"Burke, Monte",,"=""1476789932""","=""9781476789934""",5,4.06,Simon  Schuster,Hardcover,352,2015,2015,2017/03/19,2017/12/19,,,read,,,,1,,,0,,,,,
29986021,Instachaaz,Chaz Hutton,"Hutton, Chaz",,"=""0008187622""","=""9780008187620""",5,4.12,HarperCollins,Hardcover,182,2016,,2017/06/19,2017/12/19,,,read,,,,1,,,0,,,,,
225184,Hunches in Bunches,Dr. Seuss,"Seuss, Dr.",,"=""0394855027""","=""9780394855028""",2,3.80,Random House Books for Young Readers,Hardcover,48,1982,1982,2018/01/10,2018/01/03,,,read,,,,1,,,0,,,,,
222269,Mortal Kombat,Kevin Droney,"Droney, Kevin",Martin Delrio,"=""0812544528""","=""9780812544527""",5,3.42,Tor Books,Paperback,216,1995,1995,2018/01/17,2018/01/03,,,read,,,,1,,,0,,,,,
5,"Harry Potter and the Prisoner of Azkaban (Harry Potter, #3)",J.K. Rowling,"Rowling, J.K.",Mary GrandPré,"=""043965548X""","=""9780439655484""",4,4.55,Scholastic Inc.,Mass Market Paperback,435,2004,1999,2018/01/12,2018/01/09,,,read,,,,1,,,0,,,,,
1736974,"I Can Draw It Myself by Me, Myself (Coloring Book)",Dr. Seuss,"Seuss, Dr.",,"=""0679891749""","=""9780679891741""",1,4.22,Random House Books for Young Readers,Paperback,32,1998,1970,2018/01/04,2018/01/09,,,read,,,,1,,,0,,,,,
223207,Short-Cut Math,Gerard W. Kelly,"Kelly, Gerard W.",,"=""0486246116""","=""9780486246116""",4,3.83,Dover Publications,Paperback,128,1984,1969,2018/01/11,2018/01/09,,,read,,,,1,,,0,,,,,
25362017,The Girl with Seven Names: A North Korean Defector’s Story,Hyeonseo Lee,"Lee, Hyeonseo",David John,"=""0007554834""","=""9780007554836""",5,4.45,William Collins,Hardcover,304,2015,2015,2018/01/31,2018/01/09,,,read,,,,1,,,0,,,,,
35509026,The Art of Possibility: Transforming Professional and Personal Life,Rosamund Stone Zander,"Zander, Rosamund Stone",Benjamin Zander,"=""0143001221""","=""9780143001225""",3,4.05,Penguin Books,Paperback,210,2002,2000,2018/01/22,2018/01/09,,,read,,,,1,,,0,,,,,
849052,Montaigne,Stefan Zweig,"Zweig, Stefan",,"=""3596127262""","=""9783596127269""",3,3.96,,,128,,1985,2018/01/14,2018/01/09,,,read,,,,1,,,0,,,,,
14642813,Rich Habits: The Daily Success Habits of Wealthy Individuals: Find Out How the Rich Get So Rich (the Secrets to Financial Success Revealed),Thomas C. Corley,"Corley, Thomas C.",,"=""1934938939""","=""9781934938935""",1,3.71,Langdon Street Press,Paperback,89,2010,2010,2015/05/15,2016/06/01,,,read,,,,1,,,0,,,,,
25698,The Wealth of Nations,Adam Smith,"Smith, Adam",,"=""0553585975""","=""9780553585971""",4,3.89,Bantam Classics,Mass Market Paperback,1264,2003,1776,2015/08/17,2016/06/01,,,read,,,,1,,,0,,,,,
6526458,"Dr. Seuss's Beginner Book Collection (Cat in the Hat, One Fish Two Fish, Green Eggs and Ham, Hop on",Dr. Seuss,"Seuss, Dr.",,"=""0375851569""","=""9780375851568""",5,4.65,Random House Books for Young Readers,Hardcover,360,2009,2009,2015/07/15,2018/01/09,,,read,,,,1,,,0,,,,,
386162,"The Hitchhiker's Guide to the Galaxy (Hitchhiker's Guide to the Galaxy, #1)",Douglas Adams,"Adams, Douglas",,"=""0345418913""","=""9780345418913""",2,4.22,Del Rey,Paperback,193,1997,1979,2015/06/30,2018/01/09,,,read,,,,1,,,0,,,,,
7108725,Start with Why: How Great Leaders Inspire Everyone to Take Action,Simon Sinek,"Sinek, Simon",,"=""1591842808""","=""9781591842804""",5,4.07,Portfolio,Hardcover,256,2009,2009,2015/05/28,2018/01/09,,,read,,,,1,,,0,,,,,
10534,The Art of War,Sun Tzu,"Tzu, Sun",Thomas Cleary,"=""1590302257""","=""9781590302255""",3,3.97,Shambhala,Paperback,273,2005,-500,2015/04/17,2018/01/09,,,read,,,,1,,,0,,,,,
20835836,The Most Dangerous Game,Richard Connell,"Connell, Richard",,"=""1495923142""","=""9781495923142""",1,3.92,Createspace Independent Publishing Platform,Paperback,50,2014,1924,2015/03/24,2016/05/31,,,read,,,,1,,,0,,,,,
8071467,"The Watchman's Rattle: A New Way to Understand Complexity, Collapse, and Correction",Rebecca D. Costa,"Costa, Rebecca D.",,"=""1593156057""","=""9781593156053""",5,3.73,Vanguard Press,Hardcover,288,2010,2009,2015/02/09,2016/05/31,,,read,,,,1,,,0,,,,,
312985,"The the Wal-Mart Revolution: How Big-Box Stores Benefit Consumers, Workers, and the Economy",Richard K. Vedder,"Vedder, Richard K.",Wendell Cox,"=""0844742449""","=""9780844742441""",2,3.21,AEI Press,Paperback,210,2006,2006,2015/12/05,2016/06/01,,,read,,,,1,,,0,,,,,
22195886,Play Poker Like the Pros,Phil Hellmuth  Jr.,"Jr., Phil Hellmuth",,"=""0060894946""","=""9780060894948""",2,3.21,HarperCollins Publishers,ebook,416,2006,2003,2015/11/08,2016/06/01,,,read,,,,1,,,0,,,,,
7772,Dr. Seuss's Sleep Book,Dr. Seuss,"Seuss, Dr.",,"=""0394800915""","=""9780394800912""",2,4.17, New York: Random House,Hardcover,58,2012,1962,2015/10/15,2016/06/01,,,read,,,,1,,,0,,,,,
17349190,Think like a Freak: The Authors of Freakonomics Offer to Retrain Your Brain,Steven D. Levitt,"Levitt, Steven D.",Stephen J. Dubner,"=""0062218336""","=""9780062218339""",5,3.85,William Morrow,Hardcover,268,2014,2014,2015/09/22,2016/06/01,,,read,,,,1,,,0,,,,,
17465530,The Way of SEAL: Think Like an Elite Warrior to Succeed and Lead in Life,Mark Divine,"Divine, Mark",Allyson E. Machate,"=""1621451097""","=""9781621451099""",3,3.97,Reader's Digest,Hardcover,224,2013,2013,2015/08/15,2016/06/01,,,read,,,,1,,,0,,,,,
7937510,Naked Economics: Undressing the Dismal Science,Charles Wheelan,"Wheelan, Charles",Burton G. Malkiel,"=""0393337642""","=""9780393337648""",5,4.03,W. W. Norton  Company,Paperback,384,2010,2002,2015/07/09,2016/06/01,,,read,,,,1,,,0,,,,,
906,"Game of Shadows: Barry Bonds, BALCO, and the Steroids Scandal that Rocked Professional Sports",Mark Fainaru-Wada,"Fainaru-Wada, Mark",Lance Williams,"=""1592401996""","=""9781592401994""",2,3.79,Gotham,Hardcover,352,2006,2006,2015/06/29,2016/06/01,,,read,,,,1,,,0,,,,,
6695552,Keep Calm and Carry On,Various,"Various, Various",,"=""0091933668""","=""9780091933661""",3,3.81,Ebury Press,,160,2009,2009,2015/05/28,2016/06/01,,,read,,,,1,,,0,,,,,
368593,The 4-Hour Workweek,Timothy Ferriss,"Ferriss, Timothy",,"=""0307353133""","=""9780307353139""",4,3.87,Harmony,ebook,308,2007,2007,2015/04/21,2016/06/01,,,read,,,,1,,,0,,,,,
3028,Economics in One Lesson: The Shortest & Surest Way to Understand Basic Economics,Henry Hazlitt,"Hazlitt, Henry",,"=""0517548233""","=""9780517548233""",4,4.21,Three Rivers Press,Paperback,218,1979,1946,2015/03/07,2016/06/01,,,read,,,,1,,,0,,,,,
22750379,Ultimate Guide to LinkedIn for Business,Ted Prodromou,"Prodromou, Ted","James Malinchak, Perry Marshall","=""1599185601""","=""9781599185606""",3,3.44,Entrepreneur Press,Paperback,272,2015,2015,2015/02/06,2016/06/01,,,read,,,,1,,,0,,,,,
51877,Capitalism and Freedom,Milton Friedman,"Friedman, Milton",,"=""0226264211""","=""9780226264219""",4,3.95,University of Chicago Press,Paperback,208,2002,1962,2015/12/28,2016/06/01,,,read,,,,1,,,0,,,,,
23167692,Getting There: A Book of Mentors,Gillian Zoe Segal,"Segal, Gillian Zoe",,"=""1419715704""","=""9781419715709""",4,4.10,Harry N. Abrams,Hardcover,208,2015,2015,2015/11/25,2016/06/01,,,read,,,,1,,,0,,,,,
6366371,You Are Here: Discovering the Magic of the Present Moment,Thich Nhat Hanh,"Hanh, Thich Nhat",Sherab Chödzin Kohn,"=""1590306759""","=""9781590306758""",4,4.34,Shambhala,Hardcover,143,2009,2001,2015/09/25,2016/06/01,,,read,,,,1,,,0,,,,,
22822903,The Blue Zones Solution: Eating and Living Like the World's Healthiest People,Dan Buettner,"Buettner, Dan",,"=""1426211929""","=""9781426211928""",3,3.93,National Geographic,Hardcover,320,2015,2014,2015/08/31,2016/06/01,,,read,,,,1,,,0,,,,,
7847473,Real Estate Finance and Investments,William B. Brueggeman,"Brueggeman, William B.",Jeffrey Fisher,"=""0073377333""","=""9780073377339""",5,4.06,Irwin/McGraw-Hill,Hardcover,760,2010,1993,2015/07/16,2016/06/01,,,read,,,,1,,,0,,,,,
11084145,Steve Jobs,Walter Isaacson,"Isaacson, Walter",,"=""1451648537""","=""9781451648539""",5,4.12,Simon & Schuster,Hardcover,656,2011,2011,2015/06/23,2016/06/01,,,read,,,,1,,,0,,,,,
225111,"The Laws of Simplicity: Design, Technology, Business, Life",John Maeda,"Maeda, John",,"=""0262134721""","=""9780262134729""",4,3.92,The MIT Press,Hardcover,100,2006,2006,2015/05/15,2016/06/01,,,read,,,,1,,,0,,,,,
30186948,Think and Grow Rich,Napoleon Hill,"Hill, Napoleon",Ben Holden-Crowther,"=""""","=""""",3,4.18,,Paperback,233,2016,1937,2015/04/04,2016/06/01,,,read,,,,1,,,0,,,,,
18244115,The Tao of Chip Kelly,Mark Saltveit,"Saltveit, Mark",,"=""""","=""9780971871410""",2,3.71,Palindromist Press,Paperback,114,2013,2013,2015/03/13,2016/06/01,,,read,,,,1,,,0,,,,,
10645233,Do the Work,Steven Pressfield,"Pressfield, Steven",,"=""1455820997""","=""9781455820993""",5,4.02,Brilliance Audio,Audio CD,2,2011,2011,2015/02/11,2016/06/01,,,read,,,,1,,,0,,,,,
1319,The War of Art: Break Through the Blocks & Win Your Inner Creative Battles,Steven Pressfield,"Pressfield, Steven",Robert McKee,"=""0446691437""","=""9780446691437""",3,4.01,Warner Books,Paperback,168,2003,2002,2015/01/25,2016/06/01,,,read,,,,1,,,0,,,,,
15827066,Beyond Belief: My Secret Life Inside Scientology and My Harrowing Escape,Jenna Miscavige Hill,"Hill, Jenna Miscavige",Lisa Pulitzer,"=""0062248472""","=""9780062248473""",5,3.75,William Morrow/HarperCollins (NYC),Hardcover,402,2013,2013,2015/12/07,2016/06/01,,,read,,,,1,,,0,,,,,
209574,"The Heart of the Buddha's Teaching: Transforming Suffering into Peace, Joy, and Liberation",Thich Nhat Hanh,"Hanh, Thich Nhat",,"=""0767903692""","=""9780767903691""",4,4.33,Broadway Books,Paperback,294,1999,1998,2015/11/29,2016/06/01,,,read,,,,1,,,0,,,,,
194331,What Is Lean Six SIGMA,Michael L. George,"George, Michael L.",David Rowlands,"=""007142668X""","=""9780071426688""",2,3.52,McGraw-Hill Education,Paperback,96,2003,2003,2015/10/14,2016/06/01,,,read,,,,1,,,0,,,,,
13099738,Steal Like an Artist: 10 Things Nobody Told You About Being Creative,Austin Kleon,"Kleon, Austin",,"=""0761169253""","=""9780761169253""",4,3.90,Workman Publishing Company,Paperback,160,2012,2012,2015/09/26,2016/06/01,,,read,,,,1,,,0,,,,,
18290401,Show Your Work!: 10 Ways to Share Your Creativity and Get Discovered,Austin Kleon,"Kleon, Austin",,"=""076117897X""","=""9780761178972""",3,4.11,Workman Publishing Company,Paperback,224,2014,2014,2015/08/26,2016/06/01,,,read,,,,1,,,0,,,,,
295,Treasure Island,Robert Louis Stevenson,"Stevenson, Robert Louis",,"=""0753453800""","=""9780753453803""",2,3.83,Kingfisher,Hardcover,311,2001,1882,2015/06/19,2016/06/01,,,read,,,,1,,,0,,,,,
4924862,I Will Teach You to Be Rich,Ramit Sethi,"Sethi, Ramit",,"=""0761147489""","=""9780761147480""",2,4.05,Workman Publishing Company,Paperback,266,2009,2009,2015/04/08,2016/06/01,,,read,,,,1,,,0,,,,,
142271,Who Was Albert Einstein?,Jess M. Brallier,"Brallier, Jess M.","Robert Andrew Parker, Nancy Harrison","=""0448424967""","=""9780448424965""",5,4.22,Grosset & Dunlap,Paperback,112,2002,,2015/03/16,2016/06/01,,,read,,,,1,,,0,,,,,
127632,"The Accidental Buddhist: Mindfulness, Enlightenment, and Sitting Still, American Style",Dinty W. Moore,"Moore, Dinty W.",,"=""0385492677""","=""9780385492676""",2,3.90,Harmony,Paperback,224,1999,1997,2015/02/11,2016/06/01,,,read,,,,1,,,0,,,,,
18757597,Civilian Warriors: The Inside Story of Blackwater and the Unsung Heroes of the War on Terror,Erik Prince,"Prince, Erik",,"=""""","=""""",5,3.95,Portfolio/Penguin,Hardcover,416,2013,2013,2015/12/03,2016/06/01,,,read,,,,1,,,0,,,,,
21469062,Winnie: The True Story of the Bear Who Inspired Winnie-the-Pooh,Sally M. Walker,"Walker, Sally M.",Jonathan D. Voss,"=""0805097155""","=""9780805097153""",5,4.31,Henry Holt and Co. (BYR),Hardcover,40,2015,2015,2015/10/01,2016/06/01,,,read,,,,1,,,0,,,,,
19583491,Spartan Up!: A Take-No-Prisoners Guide to Overcoming Obstacles and Achieving Peak Performance in Life,Joe De Sena,"Sena, Joe De",Jeff O'Connell,"=""0544286170""","=""9780544286177""",3,3.93,Houghton Mifflin Harcourt,Hardcover,224,2014,2014,2015/08/23,2016/06/01,,,read,,,,1,,,0,,,,,
3057677,The Issue at Hand:  Essays on Buddhist Mindfulness Practice,Gil Fronsdal,"Fronsdal, Gil",,"=""061516286X""","=""9780615162867""",3,4.37,Insight Meditation Center,,160,2008,2001,2015/07/26,2016/06/01,,,read,,,,1,,,0,,,,,
93892,Rapid Development: Taming Wild Software Schedules,Steve McConnell,"McConnell, Steve",,"=""1556159005""","=""9781556159008""",3,3.97,Microsoft Press,Paperback,674,1996,1996,2015/06/25,2016/06/01,,,read,,,,1,,,0,,,,,
23019295,When to Rob a Bank,Steven D. Levitt,"Levitt, Steven D.",Stephen J. Dubner,"=""0062385321""","=""9780062385321""",4,3.49,William Morrow ,Hardcover,387,2015,2015,2015/05/04,2016/06/01,,,read,,,,1,,,0,,,,,
20332825,Sports Illustrated Almanac 2011,Sports Illustrated,"Illustrated, Sports",,"=""""","=""""",5,5.00,Sports Illustrated,Hardcover,560,2010,2010,2015/04/08,2016/06/01,,,read,,,,1,,,0,,,,,
821003,"When We Were Very Young (Winnie-the-Pooh, #3)",A.A. Milne,"Milne, A.A.",Ernest H. Shepard,"=""0525444459""","=""9780525444459""",5,4.31,E.P. Dutton,Hardcover,100,1988,1924,2015/03/21,2016/06/01,,,read,,,,1,,,0,,,,,
16283548,Buddhist Boot Camp,Timber Hawkeye,"Hawkeye, Timber",,"=""0062267434""","=""9780062267436""",5,4.25,HarperOne,Hardcover,160,2013,2012,2015/02/27,2016/06/01,,,read,,,,1,,,0,,,,,
23492534,"Raw: My 100% Grade-A, Unfiltered, Inside Look at Sports",Colin Cowherd,"Cowherd, Colin",,"=""1501105191""","=""9781501105197""",4,3.76,Gallery Books,Hardcover,320,2015,2015,2015/12/10,2016/06/01,,,read,,,,1,,,0,,,,,
11301,Horton Hatches the Egg,Dr. Seuss,"Seuss, Dr.",,"=""0007175191""","=""9780007175192""",2,4.16,Harpercollins Children's Books,Paperback,64,2004,1940,2015/11/02,2016/06/01,,,read,,,,1,,,0,,,,,
7785,I Can Read With My Eyes Shut!,Dr. Seuss,"Seuss, Dr.",,"=""0007158513""","=""9780007158515""",2,4.20,HarperCollinsChildren’sBooks,Paperback,48,2003,1978,2015/10/03,2016/06/01,,,read,,,,1,,,0,,,,,
206962,Hop On Pop,Dr. Seuss,"Seuss, Dr.",,"=""0007158491""","=""9780007158492""",3,3.97,HarperCollins Publishers,Paperback,64,2003,1963,2015/09/16,2016/06/01,,,read,,,,1,,,0,,,,,
7770,"One Fish, Two Fish, Red Fish, Blue Fish",Dr. Seuss,"Seuss, Dr.",,"=""0007173687""","=""9780007173686""",4,4.13,Harper Collins Children's Books,Hardcover,64,2003,1960,2015/08/13,2016/06/01,,,read,,,,1,,,0,,,,,
105551,Fox in Socks,Dr. Seuss,"Seuss, Dr.",,"=""0007158475""","=""9780007158478""",4,4.06,Green Back Books / HarperCollins Children's Books,Paperback,62,2003,1965,2016/07/07,2016/06/01,,,read,,,,1,,,0,,,,,
23772,Green Eggs and Ham,Dr. Seuss,"Seuss, Dr.",,"=""0394800168""","=""9780394800165""",1,4.30,Random House Books for Young Readers,Hardcover,62,1988,1960,2016/06/08,2016/06/01,,,read,,,,1,,,0,,,,,
233093,The Cat in the Hat,Dr. Seuss,"Seuss, Dr.",,"=""039480001X""","=""9780394800011""",3,4.16,Random House Books for Young Readers,Hardcover,61,1985,1957,2016/05/23,2016/06/01,,,read,,,,1,,,0,,,,,
23453112,Modern Romance,Aziz Ansari,"Ansari, Aziz",Eric Klinenberg,"=""1594206279""","=""9781594206276""",1,3.83,Penguin Press,Hardcover,279,2015,2015,2015/04/16,2016/06/01,,,read,,,,1,,,0,,,,,
1230038,God Explained in a Taxi Ride,Paul Arden,"Arden, Paul",,"=""0141032227""","=""9780141032221""",1,3.65,Penguin,Paperback,128,2007,2007,2015/03/21,2016/05/31,,,read,,,,1,,,0,,,,,
18128376,"How to Win at the Sport of Business: If I Can Do It, You Can Do It",Mark Cuban,"Cuban, Mark",,"=""1626810915""","=""9781626810914""",4,4.04,Diversion Publishing,Paperback,73,2013,2011,2015/02/11,2016/05/31,,,read,,,,1,,,0,,,,,
2325381,Bloomberg by Bloomberg,Michael R. Bloomberg,"Bloomberg, Michael R.",,"=""0471155454""","=""9780471155454""",5,3.68,John Wiley & Sons,Hardcover,232,1997,1997,2015/12/22,2016/05/31,,,read,,,,1,,,0,,,,,
1899581,The Complete Winnie the Pooh,A.A. Milne,"Milne, A.A.",Ernest H. Shepard,"=""0603550835""","=""9780603550836""",4,4.43,Dean,Hardcover,316,1992,1926,2015/11/19,2016/05/31,,,read,,,,1,,,0,,,,,
2213117,The Blue Zones: Lessons for Living Longer From the People Who've Lived the Longest,Dan Buettner,"Buettner, Dan",,"=""1426202741""","=""9781426202742""",3,3.98,National Geographic,Hardcover,304,2008,2008,2015/10/06,2016/05/31,,,read,,,,1,,,0,,,,,
24368019,Are You Attackable?,David H. Judson,"Judson, David H.",,"=""1939748747""","=""""",1,3.00,Certa Publishing,Paperback,262,,,2015/09/16,2016/05/31,,,read,,,,1,,,0,,,,,
20299899,The Tao of Chip Kelly: Lessons from America's Most Innovative Coach,Mark Saltveit,"Saltveit, Mark",,"=""1626812268""","=""9781626812260""",2,3.82,Diversion Publishing - Ips,Paperback,132,2013,2013,2015/08/28,2016/05/31,,,read,,,,1,,,0,,,,,
875983,How to Win Friends & Influence People,Dale Carnegie,"Carnegie, Dale",,"=""0671027034""","=""9780671027032""",5,4.18,Gallery Books,Paperback,276,1998,1936,2015/07/17,2016/05/31,,,read,,,,1,,,0,,,,,
185405,Who Was Charles Darwin?,Deborah Hopkinson,"Hopkinson, Deborah",Nancy Harrison,"=""0448437643""","=""9780448437644""",5,4.16,Grosset & Dunlap,Paperback,112,2005,2005,2015/06/09,2016/05/31,,,read,,,,1,,,0,,,,,
108379,"Zen Mind, Beginner's Mind",Shunryu Suzuki,"Suzuki, Shunryu","Trudy Dixon, Richard Baker","=""1590302672""","=""9781590302675""",3,4.23,Shambhala,Hardcover,192,2006,1970,2016/05/17,2016/05/31,,,read,,,,1,,,0,,,,,
15791137,Banished: Surviving My Years in the Westboro Baptist Church,Lauren Drain,"Drain, Lauren",Lisa Pulitzer,"=""1455512427""","=""9781455512423""",4,3.53,Grand Central Publishing,Hardcover,287,2013,2013,2015/04/23,2016/05/31,,,read,,,,1,,,0,,,,,
10641892,Who Was Dr. Seuss?,Janet B. Pascal,"Pascal, Janet B.",Nancy Harrison,"=""0448455854""","=""9780448455853""",5,4.26,Grosset & Dunlap,Paperback,112,2011,2011,2015/03/27,2016/05/31,,,read,,,,1,,,0,,,,,
934684,The Foot Book,Dr. Seuss,"Seuss, Dr.",,"=""0394809378""","=""9780394809373""",2,4.01,Random House Books for Young Readers,Hardcover,36,1968,1968,2015/02/15,2016/05/31,,,read,,,,1,,,0,,,,,
77231,Who Moved My Cheese?,Spencer Johnson,"Johnson, Spencer",Kenneth H. Blanchard,"=""0399144463""","=""9780399144462""",2,3.78,G. P. Putnam's Sons,Hardcover,94,2002,1998,2016/12/07,2016/05/31,,,read,,,,1,,,0,,,,,
9314180,What the Dog Saw: And Other Adventures,Malcolm Gladwell,"Gladwell, Malcolm",,"=""0316076201""","=""9780316076203""",4,3.84,Back Bay Books,Paperback,410,2010,2009,2016/11/29,2016/05/31,,,read,,,,1,,,0,,,,,
4069,Man's Search for Meaning,Viktor E. Frankl,"Frankl, Viktor E.","Harold S. Kushner, William J. Winslade, Isle Lasch","=""080701429X""","=""9780807014295""",5,4.36,Beacon Press,Paperback,165,2006,1946,2016/10/25,2016/05/31,,,read,,,,1,,,0,,,,,
53580,The Going to Bed Book,Sandra Boynton,"Boynton, Sandra",,"=""0671449028""","=""9780671449025""",1,4.22,Little Simon,Board Book,14,1982,1982,2015/09/11,2016/05/31,,,read,,,,1,,,0,,,,,
232575,"Oh, the Thinks You Can Think!",Dr. Seuss,"Seuss, Dr.",,"=""0394831292""","=""9780394831299""",2,4.13,Random House Books for Young Readers,Hardcover,48,1975,1975,2016/08/12,2016/05/31,,,read,,,,1,,,0,,,,,
25530069,Charlie Munger: The Complete Investor,Tren Griffin,"Griffin, Tren",,"=""023117098X""","=""9780231170987""",4,3.89,Columbia University Press,Hardcover,224,2015,2015,2016/07/14,2016/05/31,,,read,,,,1,,,0,,,,,
11192642,Go the Fuck to Sleep,Adam Mansbach,"Mansbach, Adam",Ricardo Cortés,"=""1617750255""","=""9781617750250""",1,4.26,Akashic Books,Hardcover,64,2011,2011,2016/07/01,2016/05/31,,,read,,,,1,,,0,,,,,
7747422,It's a Book,Lane Smith,"Smith, Lane",,"=""1596436069""","=""9781596436060""",1,4.32,Roaring Brook Press,Hardcover,32,2010,2010,2016/05/25,2016/05/31,,,read,,,,1,,,0,,,,,
25500682,The Jungle Book,Rudyard Kipling,"Kipling, Rudyard",,"=""1503332543""","=""9781503332546""",2,3.93,Createspace Independent Publishing Platform,Paperback,94,2014,1893,2016/04/24,2016/05/31,,,read,,,,1,,,0,,,,,
6948574,"Alexander and the Terrible, Horrible, No Good, Very Bad Day",Judith Viorst,"Viorst, Judith",Ray Cruz,"=""1416985956""","=""9781416985952""",3,4.22,Atheneum Books for Young Readers,Hardcover,32,2009,1972,2016/03/06,2016/05/31,,,read,,,,1,,,0,,,,,
9677870,Press Here,Hervé Tullet,"Tullet, Hervé",Christopher Franceschelli,"=""0811879542""","=""9780811879545""",1,4.44,Chronicle Books,Hardcover,56,2011,2010,2016/02/11,2016/05/31,,,read,,,,1,,,0,,,,,
8073,Cloudy With a Chance of Meatballs,Judi Barrett,"Barrett, Judi",Ron Barrett,"=""0689707495""","=""9780689707490""",4,4.16,Atheneum Books for Young Readers,Paperback,32,1982,1978,2016/01/07,2016/05/31,,,read,,,,1,,,0,,,,,
782854,Eloise ,Kay Thompson,"Thompson, Kay",Hilary Knight,"=""067122350X""","=""9780671223502""",4,4.20,Simon  Schuster Books for Young Readers,Hardcover,65,1969,1955,2016/12/16,2016/05/31,,,read,,,,1,,,0,,,,,
407429,The Stinky Cheese Man and Other Fairly Stupid Tales,Jon Scieszka,"Scieszka, Jon",Lane Smith,"=""067084487X""","=""9780670844876""",1,4.20,Viking Books for Young Readers,Hardcover,52,1992,1992,2016/11/20,2016/05/31,,,read,,,,1,,,0,,,,,
2021122,The Snowy Day,Ezra Jack Keats,"Keats, Ezra Jack",,"=""0670654000""","=""9780670654000""",3,4.14,Viking Books for Young Readers,Hardcover,32,1962,1962,2016/10/27,2016/05/31,,,read,,,,1,,,0,,,,,
1284044,Gossie & Gertie,Olivier Dunrea,"Dunrea, Olivier",,"=""0618176764""","=""9780618176762""",3,4.14,HMH Books for Young Readers,Hardcover,32,2002,2002,2016/09/28,2016/05/31,,,read,,,,1,,,0,,,,,
9852610,The Story of Ferdinand,Munro Leaf,"Leaf, Munro",Robert Lawson,"=""044845694X""","=""9780448456942""",1,4.36,Grosset & Dunlap,Paperback,32,2011,1936,2016/08/22,2016/05/31,,,read,,,,1,,,0,,,,,
372358,I Knew You Could!: A Book for All the Stops in Your Life,Craig Dorfman,"Dorfman, Craig",Cristina Ong,"=""0448431483""","=""9780448431482""",5,4.37,Grosset & Dunlap,Hardcover,32,2003,2003,2016/07/26,2016/05/31,,,read,,,,1,,,0,,,,,
824204,The Little Engine That Could,Watty Piper,"Piper, Watty","Doris Hauman, George Hauman","=""0448405202""","=""9780448405209""",3,4.15,Grosset & Dunlap,Hardcover,48,2006,1930,2016/06/22,2016/05/31,,,read,,,,1,,,0,,,,,
2239279,The Velveteen Rabbit: Or How Toys Become Real,Margery Williams Bianco,"Bianco, Margery Williams",Florence Graham,"=""0448190834""","=""9780448190839""",2,4.29,Grosset & Dunlap,Paperback,32,1987,1922,2016/05/12,2016/05/31,,,read,,,,1,,,0,,,,,
1208615,The Little House,Virginia Lee Burton,"Burton, Virginia Lee",,"=""039525938X""","=""9780395259382""",3,4.29,HMH Books for Young Readers,Paperback,44,1978,1942,2016/04/28,2016/05/31,,,read,,,,1,,,0,,,,,
654169,The Monster at the End of This Book (Sesame Street),Jon Stone,"Stone, Jon",Mike Smollin,"=""0307010856""","=""9780307010858""",1,4.44,Golden Books,Hardcover,24,1999,1971,2016/03/15,2016/05/31,,,read,,,,1,,,0,,,,,
1513638,Madeline,Ludwig Bemelmans,"Bemelmans, Ludwig",,"=""014056439X""","=""9780140564396""",2,4.22,Puffin Books,Hardcover,56,2000,1939,2016/02/05,2016/05/31,,,read,,,,1,,,0,,,,,
12065943,Extra Yarn,Mac Barnett,"Barnett, Mac",Jon Klassen,"=""0061953385""","=""9780061953385""",5,4.09,Balzer + Bray,Hardcover,40,2012,2012,2016/11/01,2016/05/31,,,read,,,,1,,,0,,,,,
370493,The Giving Tree,Shel Silverstein,"Silverstein, Shel",,"=""0060256656""","=""9780060256654""",5,4.37,HarperCollins Publishers,Hardcover,64,1964,1964,2016/09/01,2016/05/31,,,read,,,,1,,,0,,,,,
147647,Who Needs Donuts?,Mark Alan Stamaty,"Stamaty, Mark Alan",,"=""0375825509""","=""9780375825507""",1,4.31,Knopf Books for Young Readers,Hardcover,40,2003,1973,2016/07/01,2016/05/31,,,read,,,,1,,,0,,,,,
173666,Radical Acceptance: Embracing Your Life With the Heart of a Buddha,Tara Brach,"Brach, Tara",,"=""0553380990""","=""9780553380996""",3,4.23,Bantam,Paperback,333,2004,2000,2016/07/01,2016/05/31,,,read,,,,1,,,0,,,,,
12859410,"Damn Good Advice (For People with Talent!): How To Unleash Your Creative Potential by America's Master Communicator, George Lois",George Lois,"Lois, George",,"=""0714863483""","=""9780714863481""",3,3.88,Phaidon Press,Paperback,176,2012,2012,2015/03/06,2016/05/31,,,read,,,,1,,,0,,,,,
265525,"Whatever You Think, Think the Opposite",Paul Arden,"Arden, Paul",,"=""1591841216""","=""9781591841210""",3,3.90,Portfolio,Paperback,142,2006,2006,2015/02/03,2016/05/31,,,read,,,,1,,,0,,,,,
81107,"The Energy Bus: 10 Rules to Fuel Your Life, Work, and Team with Positive Energy",Jon Gordon,"Gordon, Jon",Kenneth H. Blanchard,"=""0470100281""","=""9780470100288""",3,3.86,Wiley,Hardcover,172,2007,2007,2018/01/29,2018/01/09,,,read,,,,1,,,0,,,,,
100285,"How to Retire Happy, Wild, and Free: Retirement Wisdom That You Won't Get from Your Financial Advisor",Ernie J. Zelinski,"Zelinski, Ernie J.",,"=""1580085784""","=""9781580085786""",2,3.76,Ten Speed Press,Paperback,256,2004,2004,2018/01/29,2018/01/09,,,read,,,,1,,,0,,,,,
7777,McElligot's Pool,Dr. Seuss,"Seuss, Dr.",,"=""0394800834""","=""9780394800837""",4,4.07,Random House Books for Young Readers,Hardcover,64,1947,1947,2016/01/09,2018/01/09,,,read,,,,1,,,0,,,,,
582174,Theory of Constraints,Eliyahu M. Goldratt,"Goldratt, Eliyahu M.",,"=""0884271668""","=""9780884271666""",2,3.98,North River Pr,Paperback,160,1990,1990,2016/01/09,2018/01/09,,,read,,,,1,,,0,,,,,
273735,Thidwick the Big-Hearted Moose,Dr. Seuss,"Seuss, Dr.",,"=""0007175175""","=""9780007175178""",2,4.04,Harper Collins Childs,Paperback,40,2004,1948,2017/01/09,2018/01/09,,,read,,,,1,,,0,,,,,
113946,How the Grinch Stole Christmas!,Dr. Seuss,"Seuss, Dr.",,"=""0007173040""","=""9780007173044""",4,4.36,Harper Collins Children's Books,Hardcover,64,2004,1957,2018/01/09,2018/01/09,,,read,,,,1,,,0,,,,,
978477,Cartooning the Head and Figure,Jack Hamm,"Hamm, Jack",,"=""0399508031""","=""9780399508035""",4,4.28,TarcherPerigee,Paperback,128,1986,1967,2017/01/09,2018/01/09,,,read,,,,1,,,0,,,,,
23244956,The Great War of Our Time: The CIA's Fight Against Terrorism--From al Qa'ida to ISIS,Michael Morell,"Morell, Michael",Bill Harlow,"=""1455585661""","=""9781455585663""",5,4.04,Twelve,Hardcover,384,2015,2015,2016/01/09,2018/01/09,,,read,,,,1,,,0,,,,,
38775,Autobiography of Thomas Jefferson,Thomas Jefferson,"Jefferson, Thomas",,"=""0486442896""","=""9780486442891""",1,3.86,Dover Publications,Paperback,112,2005,1821,2017/01/09,2018/01/09,,,read,,,,1,,,0,,,,,
157993,The Little Prince,Antoine de Saint-Exupéry,"Saint-Exupéry, Antoine de",Richard Howard,"=""0156012197""","=""9780156012195""",2,4.30,"Harcourt, Inc.",Paperback,93,2000,1943,2017/01/09,2018/01/09,,,read,,,,1,,,0,,,,,
2112666,"Oh, the Places He Went: A Story about Dr. Seuss",Maryann N. Weidt,"Weidt, Maryann N.",Kerry Maguire,"=""0613496388""","=""9780613496384""",3,4.29,Turtleback Books,Hardcover,64,1994,1994,2016/01/09,2018/01/09,,,read,,,,1,,,0,,,,,
730557,My Picture Book of the Planets,Nancy E. Krulik,"Krulik, Nancy E.",,"=""0590439073""","=""9780590439077""",2,3.83,Scholastic Inc.,Paperback,32,1991,1991,2016/01/09,2018/01/09,,,read,,,,1,,,0,,,,,
899608,A Fish Out of Water,Helen Marion Palmer,"Palmer, Helen Marion",P.D. Eastman,"=""0394800230""","=""9780394800233""",2,4.21,Random House Books for Young Readers,Hardcover,64,1989,1961,2017/01/09,2018/01/09,,,read,,,,1,,,0,,,,,
23492653,The Path: What Chinese Philosophers Can Teach Us About the Good Life,Michael Puett,"Puett, Michael",Christine Gross-Loh,"=""1476777837""","=""9781476777832""",5,3.72,Simon  Schuster,Hardcover,224,2016,2016,2017/01/09,2018/01/09,,,read,,,,1,,,0,,,,,
105556,The King's Stilts,Dr. Seuss,"Seuss, Dr.",,"=""0394800826""","=""9780394800820""",4,3.92,Random House Books for Young Readers,Hardcover,56,1939,1939,2017/01/09,2018/01/09,,,read,,,,1,,,0,,,,,
1595177,The Adventures of Johnny Bunko: The Last Career Guide You'll Ever Need,Daniel H. Pink,"Pink, Daniel H.",,"=""1594482918""","=""9781594482915""",1,3.77,Riverhead Books,Paperback,160,2008,2008,2016/01/09,2018/01/09,,,read,,,,1,,,0,,,,,
105552,Mr. Brown Can Moo! Can You?,Dr. Seuss,"Seuss, Dr.",,"=""0007169914""","=""9780007169917""",2,4.11,Harpercollins Childs,Paperback,32,2003,1970,2017/01/09,2018/01/09,,,read,,,,1,,,0,,,,,
20262579,Horton and the Kwuggerbug and more Lost Stories,Dr. Seuss,"Seuss, Dr.",,"=""0385382987""","=""9780385382984""",3,4.04,Random House Books for Young Readers,Hardcover,56,2014,2014,2017/01/09,2018/01/09,,,read,,,,1,,,0,,,,,
28916899,Einstein: A Life of Genius (The True Story of Albert Einstein),Alexander   Kennedy,"Kennedy, Alexander",,"=""""","=""""",2,3.87,Alexander Kennedy Publishing,Kindle Edition,154,2016,,2017/01/09,2018/01/09,,,read,,,,1,,,0,,,,,
31423133,Make Your Bed: Little Things That Can Change Your Life...And Maybe the World,William H. McRaven,"McRaven, William H.",,"=""""","=""""",5,3.96,Grand Central Publishing,Audiobook,2,2017,2017,2017/01/09,2018/01/09,,,read,,,,1,,,0,,,,,
32849093,Do Open: How a Simple Email Newsletter Can Transform your Business,David Hieatt,"Hieatt, David",,"=""190797430X""","=""9781907974304""",3,4.03,The Do Book Company,Paperback,160,2017,,2017/01/09,2018/01/09,,,read,,,,1,,,0,,,,,
775647,The Private Life of Chairman Mao,Li Zhisui,"Zhisui, Li",,"=""0679764437""","=""9780679764434""",0,4.11,Random House,Paperback,736,1996,1994,,2018/01/09,currently-reading,currently-reading (#13),currently-reading,,,,1,,,0,,,,,
424890,The Tough Coughs As He Ploughs the Dough: Early Writings and Cartoons,Dr. Seuss,"Seuss, Dr.",Richard Marschall,"=""0688065481""","=""9780688065485""",0,4.02,Smithmark Publishers,Hardcover,143,1989,1987,,2018/01/09,currently-reading,currently-reading (#12),currently-reading,,,,1,,,0,,,,,
25310677,Wine Folly: The Essential Guide to Wine,Madeline Puckette,"Puckette, Madeline",Justin Hammack,"=""1592408990""","=""9781592408993""",0,4.32,Avery,Paperback,240,2015,2015,,2018/01/09,currently-reading,currently-reading (#11),currently-reading,,,,1,,,0,,,,,
67896,Tao Te Ching,Lao Tzu,"Tzu, Lao","Gia-Fu Feng, Jane English, Toinette Lippe, Jacob Needleman","=""0679724346""","=""9780679724346""",0,4.32,Vintage,Paperback,160,1989,-600,,2018/01/09,currently-reading,currently-reading (#9),currently-reading,,,,1,,,0,,,,,
110890,The Looming Tower: Al-Qaeda and the Road to 9/11,Lawrence Wright,"Wright, Lawrence",,"=""037541486X""","=""9780375414862""",0,4.39,Knopf Publishing Group,Hardcover,469,2006,2006,,2018/01/09,currently-reading,currently-reading (#8),currently-reading,,,,1,,,0,,,,,
9519944,Early Retirement Extreme: A Philosophical and Practical Guide to Financial Independence,Jacob Lund Fisker,"Fisker, Jacob Lund",,"=""145360121X""","=""9781453601211""",0,4.00,Createspace Independent Publishing Platform,Paperback,240,2010,2010,,2018/01/09,currently-reading,currently-reading (#6),currently-reading,,,,1,,,0,,,,,
25159043,No Baggage: A Minimalist Tale of Love and Wandering,Clara Bensen,"Bensen, Clara",,"=""0762457244""","=""9780762457243""",0,3.55,Running Press Adult,Hardcover,288,2016,2016,,2018/01/09,currently-reading,currently-reading (#5),currently-reading,,,,1,,,0,,,,,
662,Atlas Shrugged,Ayn Rand,"Rand, Ayn",Leonard Peikoff,"=""0452011876""","=""9780452011878""",0,3.68,Plume,Paperback,1168,1999,1957,,2018/01/09,currently-reading,currently-reading (#4),currently-reading,,,,1,,,0,,,,,
1303,The 48 Laws of Power,Robert Greene,"Greene, Robert",Joost Elffers,"=""0140280197""","=""9780140280197""",0,4.19,Penguin (Business),Paperback,452,2000,1988,,2018/01/09,currently-reading,currently-reading (#2),currently-reading,,,,1,,,0,,,,,
179166,Dianetics: The Modern Science of Mental Health,L. Ron Hubbard,"Hubbard, L. Ron",,"=""1403105464""","=""9781403105462""",0,2.35,"Bridge Publications, Inc.",Paperback,591,2002,1950,,2018/01/09,currently-reading,currently-reading (#1),currently-reading,,,,1,,,0,,,,,
24615920,Level Up Your Life: How to Unlock Adventure and Happiness by Becoming the Hero of Your Own Story,Steve Kamb,"Kamb, Steve",,"=""1623365406""","=""9781623365400""",3,4.08,Rodale Books,Hardcover,288,2016,2016,2018/01/03,2018/01/03,,,read,,,,1,,,0,,,,,
493398,Great Day for Up,Dr. Seuss,"Seuss, Dr.",Quentin Blake,"=""0394829131""","=""9780394829135""",3,4.05,Random House Books for Young Readers,Hardcover,36,1974,1974,2018/01/03,2018/01/03,,,read,,,,1,,,0,,,,,
161788,If I Ran the Circus,Dr. Seuss,"Seuss, Dr.",,"=""039480080X""","=""9780394800806""",5,3.92,Random House Books for Young Readers,Hardcover,58,1956,1956,2017/12/19,2017/12/19,,,read,,,,1,,,0,,,,,
13259307,Fahrenheit 451,Ray Bradbury,"Bradbury, Ray",Neil Gaiman,"=""""","=""""",4,3.98,Simon  Schuster,Paperback,159,2012,1953,2017/04/17,2017/04/17,,,read,,,,1,,,0,,,,,
2767052,"The Hunger Games (The Hunger Games, #1)",Suzanne Collins,"Collins, Suzanne",,"=""0439023483""","=""9780439023481""",5,4.33,Scholastic Press,Hardcover,374,2008,2008,2017/01/06,2017/01/06,,,read,,,,1,,,0,,,,,
835225,"Captain Underpants and the Big Bad Battle of the Bionic Booger Boy, Part 2: Revenge of the Ridiculous Robo-Boogers (Captain Underpants, #7)",Dav Pilkey,"Pilkey, Dav",,"=""043997772X""","=""9780439977722""",2,4.19,"Scholastic, Inc.",Paperback,176,,2003,2016/08/28,2016/08/28,,,read,,,,1,,,0,,,,,
6452796,Drive: The Surprising Truth About What Motivates Us,Daniel H. Pink,"Pink, Daniel H.",,"=""1594488843""","=""9781594488849""",5,3.94,Riverhead Books,Hardcover,242,2009,2009,2016/08/25,2016/08/25,,,read,,,,1,,,0,,,,,
4982863,Rubies in the Orchard: How to Uncover the Hidden Gems in Your Business,Lynda Resnick,"Resnick, Lynda",,"=""0385525788""","=""9780385525787""",4,3.36,Crown Business,Hardcover,224,2009,2009,2016/08/08,2016/08/08,,,read,,,,1,,,0,,,,,
2084418,"Boo to You, Winnie the Pooh!",Bruce Talkington,"Talkington, Bruce",,"=""0786831219""","=""9780786831210""",1,3.74,Random House Disney,Hardcover,32,1997,1996,2016/08/08,2016/08/08,,,read,,,,1,,,0,,,,,
370343,"Captain Underpants and the Big, Bad Battle of the Bionic Booger Boy, Part 1: The Night of the Nasty Nostril Nuggets (Captain Underpants, #6)",Dav Pilkey,"Pilkey, Dav",,"=""0439376106""","=""9780439376105""",2,4.15,Scholastic Paperbacks,Paperback,176,2003,2003,2016/07/25,2016/07/25,,,read,,,,1,,,0,,,,,
22173461,"Grit to Great: How Perseverance, Passion, and Pluck Take You from Ordinary to Extraordinary",Linda Kaplan Thaler,"Thaler, Linda Kaplan",Robin Koval,"=""0804139121""","=""9780804139120""",3,3.63,Crown Business,Hardcover,160,2015,2015,2016/07/25,2016/07/25,,,read,,,,1,,,0,,,,,
1194503,Do Unto Otters: A Book about Manners,Laurie Keller,"Keller, Laurie",,"=""0805079963""","=""9780805079968""",1,4.14,Henry Holt & Company,Hardcover,40,2007,2007,2016/07/25,2016/07/10,,,read,,,,1,,,0,,,,,
325730,"Captain Underpants and the Wrath of the Wicked Wedgie Woman (Captain Underpants, #5)",Dav Pilkey,"Pilkey, Dav",,"=""0439994802""","=""9780439994804""",2,4.16,Scholastic,Paperback,176,2001,2001,2016/07/17,2016/07/17,,,read,,,,1,,,0,,,,,
425818,"How to Catch a Star (The Boy, #1)",Oliver Jeffers,"Jeffers, Oliver",,"=""0007228074""","=""9780007228072""",3,4.20,HarperCollinsChildren'sBooks ,Hardcover,32,2006,2004,2016/07/13,2016/07/13,,,read,,,,1,,,0,,,,,
24885834,The Power of Henry's Imagination (The Secret),Skye Byrne,"Byrne, Skye",Nic George,"=""1481406264""","=""9781481406260""",2,3.75,Aladdin,Hardcover,40,2015,2015,2016/07/11,2016/07/11,,,read,,,,1,,,0,,,,,
7801625,What If Everybody Did That?,Ellen Javernick,"Javernick, Ellen",Colleen Madden,"=""0761456864""","=""9780761456865""",2,4.13,Two Lions,Hardcover,32,2010,1990,2016/07/10,2016/07/10,,,read,,,,1,,,0,,,,,
27247476,"The Thank You Book (Elephant & Piggie, #25)",Mo Willems,"Willems, Mo",,"=""1423178289""","=""9781423178286""",2,4.42,Hyperion Books for Children,Hardcover,64,2016,2016,2016/07/10,2016/07/10,,,read,,,,1,,,0,,,,,
3228917,Outliers: The Story of Success,Malcolm Gladwell,"Gladwell, Malcolm",,"=""0316017922""","=""9780316017923""",4,4.14,"Little, Brown and Company",Hardcover,309,2008,2008,2016/07/10,2016/07/10,,,read,,,,1,,,0,,,,,
270073,Corduroy Lost and Found,B.G. Hennessy,"Hennessy, B.G.","Jody Wheeler, Don Freeman","=""067006100X""","=""9780670061006""",1,4.35,Viking Books for Young Readers,Hardcover,32,2006,2006,2016/07/10,2016/07/10,,,read,,,,1,,,0,,,,,
79579,Did I Ever Tell You How Lucky You Are?,Dr. Seuss,"Seuss, Dr.",,"=""0394827198""","=""9780394827193""",3,4.15,New York: Random House,Hardcover,47,1973,1972,2016/07/10,2016/07/10,,,read,,,,1,,,0,,,,,
324748,The Dip: A Little Book That Teaches You When to Quit (and When to Stick),Seth Godin,"Godin, Seth",,"=""1591841666""","=""9781591841661""",2,3.84,Portfolio,Hardcover,80,2007,2007,2016/07/10,2016/07/10,,,read,,,,1,,,0,,,,,
2612,The Tipping Point: How Little Things Can Make a Big Difference,Malcolm Gladwell,"Gladwell, Malcolm",,"=""0316346624""","=""9780316346627""",2,3.95,Back Bay Books,Paperback,301,2002,2000,2016/01/01,2016/06/01,,,read,,,,1,,,0,,,,,
17986418,Naked Statistics: Stripping the Dread from the Data,Charles Wheelan,"Wheelan, Charles",,"=""039334777X""","=""9780393347777""",4,3.92,W. W. Norton  Company,Paperback,282,2014,2012,2016/01/01,2016/06/01,,,read,,,,1,,,0,,,,,
191139,"Oh, The Places You'll Go!",Dr. Seuss,"Seuss, Dr.",,"=""0679805273""","=""9780679805274""",5,4.35,Random House Books for Young Readers,Hardcover,44,1990,1990,2016/01/01,2016/06/01,,,read,,,,1,,,0,,,,,
